Date,Depot,buses_held,avg_on_road,avg_off_road,schedules_planned,avg_schedules_operated,planned_km,effective_km,daily_avg_effective_km,km_per_bus_per_day,cancelled_km,daily_avg_cancelled_km,pct_cancelled_km,ticket_sale_earning,daily_avg_ticket_earning,epk_ticket,load_factor_overall,load_factor_ticket,load_factor_all_traffic,fleet_utilization_pct,ticket_passengers_per_day,accidents_fatal,accidents_major,accidents_minor,accidents_insignificant,accidents_total,accident_rate_per_lakh_km,complaints,routes_operated,avg_route_length_km,all_traffic_earning,daily_avg_all_traffic,epk_total,earning_per_bus_per_day,total_passengers_travelled,passengers_per_day,avg_passengers_per_bus_per_day,earning_per_passenger_per_day
Apr 2023,Swargate,18,16,2,18,16,136179,119978,3999,249.95,16201,540,11.90,5526755,184225,46.06,62.04,74.25,80.37,88.89,8922,0,0,0,0,0,0,,1,25.95,5982671,199422,49.86,12464,309907,10330,645.64,19.30
Apr 2023,N.T.Wadi,102,97,5,102,97,791637,694287,23143,238.59,97350,3245,12.30,28317943,943931,40.79,70.00,58.27,63.70,95.10,46858,0,0,0,0,0,0,,18,20.53,30956233,1031874,44.59,10638,1627632,54254,559.32,19.02
Apr 2023,Kothrud,74,73,1,74,73,437919,416401,13880,190.14,21518,717,4.91,18808819,626961,45.17,58.50,77.21,83.70,98.65,40449,0,0,0,0,0,0,,9,26.16,20391141,679705,48.97,9311,1405002,46833,641.55,14.51
Apr 2023,Katraj,126,114,12,126,114,777782,687455,22915,201.01,90327,3011,11.61,33774273,1125809,49.13,67.42,72.87,78.51,90.48,71287,0,0,0,0,0,0,,22,18.49,36386602,1212887,52.93,10639,2476171,82539,724.03,14.69
Apr 2023,Hadapsar,23,21,2,23,21,153720,151706,5057,240.80,2014,67,1.31,7326691,244223,48.30,62.48,77.29,83.37,91.30,12942,0,0,0,0,0,0,,2,28.48,7903173,263439,52.10,12545,449528,14984,713.54,17.58
Apr 2023,M.Yard,64,55,9,64,55,413520,346850,11562,210.21,66671,2222,16.12,16069778,535659,46.33,70.82,65.42,70.79,85.94,33452,0,0,0,0,0,0,,17,27.73,17387806,579594,50.13,10538,1161961,38732,704.22,14.96
Apr 2023,Pune Station,92,78,14,92,78,650157,578206,19274,247.10,71951,2398,11.07,24267700,808923,41.97,60.90,68.91,75.15,84.78,40748,0,0,0,0,0,0,,20,30.24,26464884,882163,45.77,11310,1415396,47180,604.87,18.70
Apr 2023,Nigadi,93,75,18,93,75,663957,633313,21110,281.47,30644,1021,4.62,28381105,946037,44.81,61.64,72.70,78.87,80.65,51834,0,0,0,0,0,0,,15,26.49,30787695,1026257,48.61,13683,1800461,60015,800.20,17.10
Apr 2023,Bhosari,47,43,4,47,43,374472,368261,12275,285.47,6211,207,1.66,16538816,551294,44.91,64.98,69.12,74.97,91.49,34839,0,0,0,0,0,0,,11,23.67,17938206,597940,48.71,13906,1210136,40338,938.09,14.82
Apr 2023,Pimpri,67,52,15,67,52,482190,397332,13244,254.70,84858,2829,17.60,14444653,481488,36.35,67.08,54.20,59.86,77.61,33151,0,0,0,0,0,0,,20,19.93,15954513,531817,40.15,10227,1151521,38384,738.15,13.86
Apr 2023,Bhekrai Nagar,42,37,5,42,37,303750,283317,9444,255.24,20433,681,6.73,13318603,443953,47.01,55.78,84.28,91.10,88.10,23868,0,0,0,0,0,0,,4,29.35,14395206,479840,50.81,12969,829075,27636,746.91,17.36
Apr 2023,Shewalwadi,14,14,0,14,14,90900,86656,2889,206.32,4244,141,4.67,4117737,137258,47.52,56.43,84.21,90.94,100.00,9743,0,0,0,0,0,0,,2,27.03,4447029,148234,51.32,10588,338418,11281,805.76,13.14
Apr 2023,Balewadi,23,10,13,23,10,149568,143590,4786,478.63,5978,199,4.00,5835430,194514,40.64,58.12,69.92,76.46,43.48,13009,0,0,0,0,0,0,,5,25.19,6381072,212702,44.44,21270,451869,15062,1506.23,14.12
Apr 2023,Baner,27,23,4,27,23,157818,153332,5111,222.22,4486,150,2.84,6012255,200409,39.21,61.75,63.50,69.65,85.19,12105,0,0,0,0,0,0,,6,23.57,6594917,219831,43.01,9558,420466,14016,609.37,15.68
Apr 2023,Wagholi,59,59,0,59,59,317919,288151,9605,162.80,29768,992,9.36,14573487,485783,50.58,62.99,80.29,86.32,100.00,23512,0,0,0,0,0,0,,7,23.47,15668461,522282,54.38,8852,816693,27223,461.41,19.19
Apr 2023,System Total,871,767,104,871,767,5901488,5348833,178294,232.46,552655,18422,9.36,237314045,7910468,44.37,62.73,70.73,76.79,88.06,456718,0,0,0,0,0,0,19,159,24.09,257639609,8587987,48.17,11197,15864234,528808,689.45,16.24
Aug 2023,Swargate,19,17,2,19,17,145368,123752,3992,230.24,21617,697,14.87,6764235,218201,54.66,73.93,73.93,80.60,91.26,10385,0,0,0,0,0,0.00,,2,19.68,7374330,237882,59.59,13720,374989,12096,697.65,19.67
Aug 2023,N.T.Wadi,104,90,14,104,90,775307,685669,22118,245.28,89638,2892,11.56,32030037,1033227,46.71,71.48,65.35,72.24,86.71,51678,3,0,0,0,3,0.44,,19,20.40,35410384,1142270,51.64,12667,1865959,60192,667.49,18.98
Aug 2023,Kothrud,73,69,4,73,69,464482,427045,13776,199.37,37438,1208,8.06,21653924,698514,50.71,60.67,83.58,91.70,94.65,47155,0,0,0,0,0,0.00,,10,25.48,23759254,766428,55.64,11092,1702616,54923,794.87,13.95
Aug 2023,Katraj,126,115,11,126,115,801584,741928,23933,208.79,59656,1924,7.44,40072184,1292651,54.01,68.41,78.95,86.16,90.98,81875,0,0,0,0,0,0.00,,23,18.13,43729889,1410642,58.94,12306,2956271,95364,831.93,14.79
Aug 2023,Hadapsar,28,25,3,28,25,227205,216471,6983,277.35,10735,346,4.72,10957248,353460,50.62,60.06,84.28,92.49,89.92,18101,0,0,0,0,0,0.00,,3,29.85,12024448,387885,55.55,15406,653583,21083,837.39,18.40
Aug 2023,Upper Depot,64,57,7,64,57,424099,379606,12245,214.47,44493,1435,10.49,18597584,599922,48.99,70.82,69.18,76.14,89.21,39850,0,0,0,0,0,0.00,,17,27.73,20469039,660292,53.92,11564,1438865,46415,812.92,14.23
Aug 2023,Pune Station,93,80,13,93,80,691371,585847,18898,236.95,105525,3404,15.26,28634133,923682,48.88,61.32,79.70,87.74,85.76,44305,0,0,0,0,0,0.00,,20,30.62,31522357,1016850,53.81,12749,1599733,51604,647.01,19.70
Aug 2023,Nigadi,92,80,12,92,80,692534,635098,20487,256.29,57436,1853,8.29,33433150,1078489,52.64,61.43,85.70,93.73,86.89,58397,0,0,0,0,0,0.00,,14,26.61,36564182,1179490,57.57,14756,2108547,68018,850.91,17.34
Aug 2023,Bhosari,53,41,12,53,41,355855,330821,10672,257.25,25034,808,7.03,16808664,542215,50.81,67.50,75.27,82.57,78.27,23913,0,0,0,0,0,0.00,,11,24.98,18439614,594826,55.74,14339,863429,27853,671.41,21.36
Aug 2023,Pimpri,64,55,9,64,55,448547,402025,12969,236.83,46522,1501,10.37,17507841,564769,43.55,68.81,63.29,70.45,85.56,35184,0,1,1,0,2,0.50,,18,20.44,19489825,628704,48.48,11481,1270395,40980,748.39,15.34
Aug 2023,Bhekrai Nagar,58,51,7,58,51,418357,354716,11442,224.22,63641,2053,15.21,20461638,660053,57.68,58.02,99.42,107.92,87.99,36752,0,0,0,0,0,0.00,,5,26.98,22210390,716464,62.61,14039,1327001,42806,838.81,16.74
Aug 2023,Shewalwadi,28,25,3,28,25,186772,168129,5424,221.22,18643,601,9.98,8477378,273464,50.42,58.18,86.66,95.14,87.56,17967,1,0,0,0,1,0.59,,3,26.72,9306252,300202,55.35,12245,648722,20927,853.58,14.35
Aug 2023,Balewadi,23,18,5,23,18,154554,142074,4583,248.16,12480,403,8.07,7534471,243047,53.03,65.24,81.28,88.84,80.29,15665,0,0,0,0,0,0.00,,5,25.19,8234896,265642,57.96,14384,565631,18246,988.00,14.56
Aug 2023,Baner,29,22,7,29,22,173048,157456,5079,230.70,15592,503,9.01,7226135,233101,45.89,64.38,71.29,78.94,75.92,13896,0,0,0,0,0,0.00,,7,23.07,8002393,258142,50.82,11725,501745,16185,735.16,15.95
Aug 2023,Wagholi,50,46,4,50,46,332153,284790,9187,199.64,47363,1528,14.26,13737161,443134,48.24,60.75,79.40,87.51,92.03,28324,0,0,1,0,1,0.35,,7,24.06,15141175,488425,53.17,10614,1022707,32991,716.93,14.81
Aug 2023,System Total,904,792,113,904,792,6291236,5635425,181788,229.68,655811,21155,10.42,283895783,9157928,50.38,64.73,77.82,85.44,87.56,523448,4,1,2,0,7,1.88,35,164,24.14,311678429,10054143,55.31,12703,18900191,609684,770.29,16.49
Dec 2023,Swargate,19,17,2,19,17,116523,107573,3470,200.32,8949,289,7.68,5745110,185326,53.41,73.93,72.24,77.38,91.17,9033,0,0,0,0,0,0,,2,19.68,6153889,198513,57.21,11460,326322,10527,607.68,18.86
Dec 2023,N.T.Wadi,104,82,22,104,82,784480,654148,21102,258.35,130332,4204,16.61,29096828,938607,44.48,69.71,63.81,69.26,78.54,45887,0,0,0,0,0,0,,21,28.79,31582591,1018793,48.28,12473,1657666,53473,654.69,19.05
Dec 2023,Kothrud,71,63,8,71,63,438046,403985,13032,208.08,34060,1099,7.78,18877905,608965,46.73,59.42,78.65,85.04,88.21,41196,1,1,0,0,2,0.50,,8,26.07,20413049,658485,50.53,10514,1488194,48006,766.52,13.72
Dec 2023,Katraj,127,109,18,127,109,814204,706242,22782,208.95,107962,3483,13.26,37222480,1200725,52.70,67.16,78.48,84.13,85.85,74027,0,0,1,0,1,0.14,,21,18.41,39906200,1287297,56.50,11807,2674206,86265,791.19,14.92
Dec 2023,Hadapsar,28,20,8,28,20,205369,186026,6001,295.05,19342,624,9.42,9418384,303819,50.63,63.69,79.50,85.47,72.64,14937,0,0,0,0,0,0,,3,28.95,10125284,326622,54.43,16059,539609,17407,855.84,18.76
Dec 2023,Upper Depot,69,56,13,69,56,429731,382823,12349,221.60,46909,1513,10.92,18003441,580756,47.03,75.56,62.24,67.27,80.76,37676,0,0,0,0,0,0,,22,28.29,19458167,627683,50.83,11264,1361024,43904,787.86,14.30
Dec 2023,Pune Station,94,78,16,94,78,676029,576727,18604,239.55,99302,3203,14.69,27949700,901603,48.46,63.38,76.46,82.45,82.62,46948,0,0,0,0,0,0,,17,22.20,30141262,972299,52.26,12520,1695982,54709,704.46,17.77
Dec 2023,Nigadi,96,83,13,96,83,719501,667346,21527,260.53,52155,1682,7.25,32181034,1038098,48.22,56.95,84.68,92.53,86.07,55602,0,0,0,0,0,0,,15,25.42,35165292,1134364,52.69,13728,2008605,64794,784.15,17.51
Dec 2023,Bhosari,52,40,12,52,40,344038,319933,10320,257.18,24105,778,7.01,15291670,493280,47.80,71.60,66.76,72.06,77.17,28059,0,0,0,0,0,0,,10,24.87,16507415,532497,51.60,13270,1013619,32697,814.81,16.29
Dec 2023,Pimpri,63,51,12,63,51,430567,383208,12362,242.38,47359,1528,11.00,15689103,506100,40.94,67.72,60.45,66.06,80.95,32240,0,0,0,0,0,0,,17,20.88,17145294,553074,44.74,10845,1164645,37569,736.65,14.72
Dec 2023,Bhekrai Nagar,61,57,4,61,57,437534,398792,12864,227.30,38742,1250,8.85,20687912,667352,51.88,58.19,89.15,95.68,92.78,37336,0,0,0,0,0,0,,5,26.87,22203322,716236,55.68,12655,1348744,43508,768.73,16.46
Dec 2023,Shewalwadi,28,25,3,28,25,184168,184896,5964,240.28,-728,-23,-0.40,8291986,267483,44.85,58.18,77.08,83.61,88.65,17654,0,0,0,0,0,0,,3,26.72,8994591,290148,48.65,11689,637760,20573,828.80,14.10
Dec 2023,Balewadi,23,18,5,23,18,156482,142800,4606,255.46,13682,441,8.74,7163689,231087,50.17,65.24,76.89,82.71,78.40,14703,0,0,0,0,0,0,,5,25.19,7706329,248591,53.97,13786,531130,17133,950.14,14.51
Dec 2023,Baner,27,22,5,27,22,164705,157811,5091,226.90,6894,222,4.19,6342892,204609,40.19,62.37,64.44,70.53,83.09,12215,0,0,0,0,0,0,,7,25.61,6942574,223954,43.99,9982,441265,14234,634.46,15.73
Dec 2023,Wagholi,64,59,5,64,59,413187,387499,12500,213.32,25688,829,6.22,20181801,651026,52.08,60.89,85.54,91.78,91.56,36298,0,0,0,0,0,0,,8,23.38,21654296,698526,55.88,11921,1311256,42299,721.86,16.51
Dec 2023,System Total,926,779,147,926,779,6314562,5659809,182574,234.48,654753,21121,10.37,272143935,8778837,48.08,64.93,74.05,80.03,84.09,503812,1,1,1,0,3,0.05,58,164,24.50,294099555,9487082,51.96,12184,18200026,587098,754.01,16.16
Feb 2023,Swargate,18,15,3,18,15,127100,103845,3709,247.25,23255,831,18.30,4969494,177482,47.85,76.88,62.25,67.19,83.33,8667,0,0,0,0,0,0,,1,14.20,5364105,191575,51.65,12771.68,294008,10500,700.02,18.24
Feb 2023,N.T.Wadi,102,96,6,102,96,726127,648019,23144,241.08,78108,2790,10.76,26041802,930064,40.19,69.11,58.15,63.65,94.12,49311,0,0,0,1,1,0.15,,17,17.08,28504272,1018010,43.99,10604.27,1672719,59740,622.29,17.04
Feb 2023,Kothrud,75,75,0,75,75,411530,396123,14147,188.63,15407,550,3.74,18545870,662353,46.82,59.69,78.43,84.80,100.00,43253,0,0,0,0,0,0,,9,19.56,20051137,716112,50.62,9548.16,1467238,52401,698.68,13.67
Feb 2023,Katraj,126,118,8,126,118,722485,620764,22170,187.88,101721,3633,14.08,30479978,1088571,49.10,68.74,71.43,76.96,93.65,74298,0,0,1,0,1,0.16,,20,19.15,32838882,1172817,52.90,9939.13,2520320,90011,762.81,13.03
Feb 2023,Hadapsar,23,21,2,23,21,153946,153946,5498,261.81,0,0,0.00,7206686,257382,46.81,61.76,75.80,81.96,91.30,13888,0,0,0,0,0,0,,2,19.02,7791681,278274,50.61,13251.16,471118,16826,801.22,16.54
Feb 2023,M.Yard,63,57,6,63,57,383869,334459,11945,209.56,49410,1765,12.87,14996984,535607,44.84,75.23,59.60,64.65,90.48,34641,0,0,0,0,0,0,,16,21.99,16267929,580997,48.64,10192.94,1175075,41967,736.26,13.84
Feb 2023,Pune Station,64,62,2,64,62,406051,406051,14502,233.90,0,0,0.00,15729865,561781,38.74,62.86,61.63,67.67,96.88,28723,0,0,0,0,0,0,,16,26.29,17272859,616888,42.54,9949.80,974345,34798,561.26,17.73
Feb 2023,Nigadi,77,68,9,77,68,516897,514849,18387,270.40,2048,73,0.40,22884040,817287,44.45,59.68,74.47,80.84,88.31,46153,0,0,0,0,0,0,,11,19.07,24840466,887160,48.25,13046.46,1565586,55914,822.26,15.87
Feb 2023,Bhosari,37,34,3,37,34,234626,234626,8379,246.46,0,0,0.00,9914558,354091,42.26,60.04,70.38,76.71,91.89,20178,0,0,0,1,1,0.43,,6,21.94,10806136,385933,46.06,11350.98,684474,24446,718.99,15.79
Feb 2023,Pimpri,50,45,5,50,45,315036,294308,10511,233.58,20728,740,6.58,10182036,363644,34.60,68.01,50.87,56.46,90.00,23014,0,0,0,1,1,0.34,,12,18.98,11300407,403586,38.40,8968.58,780693,27882,619.60,14.47
Feb 2023,Bhekrai Nagar,29,29,0,29,29,188048,183738,6562,226.28,4310,154,2.29,8814942,314819,47.98,56.46,84.97,91.70,100.00,17702,0,0,0,0,0,0,,3,26.72,9513146,339755,51.78,11715.70,600470,21445,739.50,15.84
Feb 2023,Shewalwadi,13,13,0,13,13,77011,74871,2674,205.69,2140,76,2.78,3694817,131958,49.35,60.21,81.96,88.27,100.00,9802,0,0,0,0,0,0,,1,21.67,3979327,142119,53.15,10932.22,332508,11875,913.48,11.97
Feb 2023,Balewadi,3,3,0,3,3,20474,19087,682,227.23,1387,50,6.77,602343,21512,31.56,57.77,54.63,61.21,100.00,1261,0,0,0,0,0,0,,2,21.23,674874,24103,35.36,8034.21,42772,1528,509.19,15.78
Feb 2023,Baner,23,23,0,23,23,126326,126326,4512,196.16,0,0,0.00,4864691,173739,38.51,61.34,62.78,68.98,100.00,9979,0,0,0,0,0,0,,5,21.71,5344731,190883,42.31,8299.27,338492,12089,525.61,15.79
Feb 2023,Wagholi,56,56,0,56,56,256284,244318,8726,155.82,11966,427,4.67,11926896,425961,48.82,65.90,74.08,79.85,100.00,23374,0,0,0,0,0,0,,6,21.01,12855304,459118,52.62,8198.54,792893,28318,505.67,16.21
Feb 2023,System Total,759,715,44,759,715,4665810,4355330,155547,217.55,310481,11089,6.65,190855002,6816250,43.82,64.24,68.21,74.13,94.20,404242,0,0,1,3,4,1.08,22,127,19.90,207405255,7407331,47.62,10359.90,13712713,489740,684.95,15.13
Jul 2023,Swargate,18,16,2,18,16,140718,122914,3965,240.54,17804,574,12.65,6272390,202335,51.03,62.04,82.25,88.38,91.58,9539,0,0,1,0,1,0.81,,1,25.95,6739463,217402,54.83,13189,341361,11012,668.03,19.74
Jul 2023,N.T.Wadi,102,90,12,102,90,772182,682762,22025,244.54,89420,2885,11.58,30048763,969315,44.01,70.31,62.59,68.00,88.30,48275,0,0,0,0,0,0.00,,18,20.90,32643258,1053008,47.81,11692,1727639,55730,618.78,18.89
Jul 2023,Kothrud,76,69,7,76,69,467589,445545,14372,209.32,22044,711,4.71,21195283,683719,47.57,60.63,78.47,84.73,90.34,44423,0,0,0,0,0,0.00,,11,24.68,22888354,738334,51.37,10753,1589805,51284,746.91,14.40
Jul 2023,Katraj,126,111,15,126,111,801584,719305,23203,209.62,82279,2654,10.26,36300787,1170993,50.47,68.41,73.77,79.33,87.85,74734,0,0,0,0,0,0.00,,23,18.13,39034146,1259166,54.27,11375,2674561,86276,779.41,14.59
Jul 2023,Hadapsar,28,22,6,28,22,227205,189697,6119,276.33,37508,1210,16.51,9134270,294654,48.15,60.06,80.17,86.50,79.09,15404,0,0,0,0,0,0.00,,3,29.85,9855120,317907,51.95,14356,551291,17784,803.05,17.88
Jul 2023,Upper Depot,64,55,9,64,55,424099,371558,11986,219.92,52540,1695,12.39,17403234,561395,46.84,70.82,66.14,71.51,85.16,36095,0,0,0,0,0,0.00,,17,27.73,18815155,606940,50.64,11137,1291757,41670,764.58,14.57
Jul 2023,Pune Station,94,83,11,94,83,697302,609363,19657,236.55,87939,2837,12.61,27983896,902706,45.92,61.32,74.89,81.08,88.40,43483,0,0,0,0,0,0.00,,20,30.62,30299474,977402,49.72,11762,1556162,50199,604.10,19.47
Jul 2023,Nigadi,93,80,13,93,80,697165,640136,20650,257.19,57029,1840,8.18,30737713,991539,48.02,61.64,77.90,84.06,86.33,53623,0,0,0,0,0,0.00,,15,26.49,33170230,1070007,51.82,13327,1919030,61904,771.00,17.28
Jul 2023,Bhosari,53,40,13,53,40,355855,329304,10623,262.92,26551,856,7.46,16126206,520200,48.97,67.50,72.54,78.17,76.23,27786,0,0,0,0,0,0.00,,11,24.98,17377562,560567,52.77,13874,994407,32078,793.94,17.48
Jul 2023,Pimpri,64,55,9,64,55,454276,402688,12990,235.97,51588,1664,11.36,16315598,526310,40.52,67.89,59.68,65.28,86.01,33086,0,1,0,0,1,0.25,,19,20.58,17845811,575671,44.32,10458,1184054,38195,693.85,15.07
Jul 2023,Bhekrai Nagar,58,51,7,58,51,416789,357576,11535,224.04,59213,1910,14.21,19425471,626628,54.33,58.19,93.36,99.89,88.77,34904,0,0,0,0,0,0.00,,5,26.87,20784258,670460,58.13,13023,1249123,40294,782.66,16.64
Jul 2023,Shewalwadi,28,24,4,28,24,186772,163205,5265,221.75,23567,760,12.62,7678401,247690,47.05,58.18,80.86,87.40,84.79,16535,0,0,0,0,0,0.00,,3,26.72,8298579,267696,50.85,11275,591741,19088,804.00,14.02
Jul 2023,Balewadi,23,19,4,23,19,154554,147137,4746,246.25,7417,239,4.80,7177358,231528,48.78,66.81,73.01,78.70,83.80,15216,0,0,0,0,0,0.00,,5,25.19,7736479,249564,52.58,12948,544556,17566,911.39,14.21
Jul 2023,Baner,29,23,6,29,23,173048,163095,5261,226.21,9953,321,5.75,7090754,228734,43.48,64.38,67.53,73.43,80.20,13869,0,0,0,0,0,0.00,,7,23.07,7710515,248726,47.28,10694,496334,16011,688.40,15.53
Jul 2023,Wagholi,50,49,1,50,49,332153,307343,9914,203.47,24810,800,7.47,16395070,528873,53.34,60.75,87.81,94.06,97.45,28575,0,0,0,0,0,0.00,,7,24.06,17562973,566548,57.14,11627,1022640,32988,677.02,17.17
Jul 2023,System Total,906,788,118,906,788,6301289,5651627,182311,231.40,649663,20957,10.31,269285194,8686619,47.65,63.93,74.53,80.48,86.96,495547,0,1,1,0,2,1.06,40,165,24.23,290761376,9379399,51.45,11905,17734459,572079,726.11,16.40
Jun 2023,Swargate,18,16,2,18,16,136179,115569,3852,240.77,20610,687,15.13,5924175,197473,51.26,62.04,82.62,88.75,88.89,9482,0,0,0,0,0,0.00,,1,25.95,6363335.7,212111,55.06,13257,324470,10816,675.98,19.61
Jun 2023,N.T.Wadi,102,95,7,102,95,743541,659898,21997,231.54,83643,2788,11.25,28487783,949593,43.17,70.78,60.99,66.36,93.14,48036,0,0,0,0,0,0.00,,18,20.66,30995395,1033180,46.97,10876,1643737,54791,576.75,18.86
Jun 2023,Kothrud,74,67,7,74,67,440925,386629,12888,192.35,54296,1810,12.31,18162175,605406,46.98,59.54,78.90,85.28,90.54,34250,0,0,1,0,1,0.26,,10,25.22,19631366,654379,50.78,9767,1171994,39066,583.08,16.75
Jun 2023,Katraj,126,114,12,126,114,776198,669634,22321,195.80,106564,3552,13.73,34246786,1141560,51.14,68.41,74.76,80.32,90.48,72141,0,0,0,0,0,0.00,,23,18.13,36791395,1226380,54.94,10758,2468553,82285,721.80,14.90
Jun 2023,Hadapsar,23,21,2,23,21,177630,166882,5563,264.89,10748,358,6.05,7765213,258840,46.53,62.48,74.47,80.55,91.30,14138,0,0,0,0,0,0.00,,2,28.48,8399365,279979,50.33,13332,483785,16126,767.91,17.36
Jun 2023,M.Yard,64,53,11,64,53,413520,282447,9415,177.64,131073,4369,31.70,13833464,461115,48.98,70.82,69.16,74.53,82.81,30311,0,0,0,0,0,0.00,,17,27.73,14906763,496892,52.78,9375,1037197,34573,652.33,14.37
Jun 2023,Pune Station,94,87,7,94,87,673995,577406,19247,221.23,96589,3220,14.33,26651271,888376,46.16,61.83,74.65,80.80,92.55,43406,0,0,0,0,0,0.00,,20,30.28,28845414,961514,49.96,11052,1485292,49510,569.08,19.42
Jun 2023,Nigadi,93,78,15,93,78,671130,619289,20643,264.65,51841,1728,7.72,29392172,979739,47.46,61.64,77.00,83.16,83.87,59748,0,0,0,0,0,0.00,,15,26.49,31745470,1058182,51.26,13566,2044495,68150,873.72,15.53
Jun 2023,Bhosari,47,46,1,47,46,304932,288563,9619,209.10,16369,546,5.37,14096129,469871,48.85,72.03,67.81,73.09,97.87,27612,0,0,0,0,0,0.00,,10,23.88,15192667,506422,52.65,11009,944844,31495,684.67,16.08
Jun 2023,Pimpri,67,55,12,67,55,466679,386770,12892,234.41,79909,2664,17.12,14750902,491697,38.14,67.89,56.18,61.78,82.09,32270,0,0,0,1,1,0.26,,19,20.58,16220626,540688,41.94,9831,1104234,36808,669.23,14.69
Jun 2023,Bhekrai Nagar,54,52,2,54,52,303750,265573,8852,170.24,38177,1273,12.57,13513531,450451,50.88,55.78,91.23,98.04,96.30,23843,0,0,0,0,0,0.00,,4,29.35,14522709,484090,54.68,9309,815862,27195,522.99,17.80
Jun 2023,Shewalwadi,14,14,0,14,14,90900,85121,2837,202.67,5779,193,6.36,4281535,142718,50.30,56.43,89.14,95.87,100.00,10275,0,0,0,0,0,0.00,,2,27.03,4604995,153500,54.10,10964,351591,11720,837.12,13.10
Jun 2023,Balewadi,23,23,0,23,23,149568,146106,4870,211.75,3462,115,2.31,6661163,222039,45.59,66.81,68.24,73.93,100.00,14610,0,0,0,0,0,0.00,,5,25.19,7216366,240546,49.39,10459,499930,16664,724.54,14.43
Jun 2023,Baner,29,28,1,29,28,165882,157916,5264,188.00,7966,266,4.80,6644293,221476,42.07,64.35,65.38,71.29,96.55,13216,0,0,0,0,0,0.00,,7,22.60,7244374,241479,45.87,8624,452248,15075,538.39,16.02
Jun 2023,Wagholi,50,49,1,50,49,321438,296388,9880,201.62,25050,835,7.79,15773881,525796,53.22,60.75,87.60,93.86,98.00,27691,0,0,0,0,0,0.00,,7,24.06,16900154,563338,57.02,11497,947552,31585,644.59,17.84
Jun 2023,System Total,878,798,80,878,798,5836266,5104190,170140,213.21,732076,24403,12.54,240184473,8006149,47.06,64.11,73.40,79.33,90.89,461030,0,0,1,1,2,0.52,29,160,24.08,259580394,8652680,50.86,10843,15775785,525860,658.97,16.45
Mar 2023,Swargate,18,16,2,18,16,140718,123423,3981,248.84,17295,558,12.29,5549185,179006,44.96,62.04,72.47,78.59,88.89,8687,0,0,0,0,0,0,,1,25.95,6018192,194135,48.76,12133,307278,9912,619.51,19.59
Mar 2023,N.T.Wadi,105,97,8,105,97,793743,737636,23795,245.31,56107,1810,7.07,28809989,929354,39.06,69.48,56.22,61.69,92.38,48342,0,0,0,0,0,0,,18,20.39,31613005,1019774,42.86,10513,1709907,55158,568.64,18.49
Mar 2023,Kothrud,74,72,2,74,72,455623,425017,13710,190.42,30605,987,6.72,19068107,615100,44.86,58.50,76.69,83.18,97.30,39994,0,0,0,0,0,0,,10,26.16,20683173,667199,48.66,9267,1414628,45633,633.79,14.62
Mar 2023,Katraj,126,114,12,126,114,803708,650193,20974,183.98,153515,4952,19.10,31087473,1002822,47.81,67.42,70.92,76.56,90.48,68793,0,0,0,0,0,0,,22,18.49,33558206,1082523,51.61,9496,2433286,78493,688.54,13.79
Mar 2023,Hadapsar,23,20,3,23,20,158844,153571,4954,247.69,5273,170,3.32,7305056,235647,47.57,62.48,76.13,82.21,86.96,12533,0,0,0,0,0,0,,2,28.48,7888625,254472,51.37,12724,443289,14300,714.98,17.80
Mar 2023,M.Yard,63,56,7,63,56,422356,368087,11874,212.03,54269,1751,12.85,15865508,511791,43.10,72.89,59.13,64.34,88.89,32386,0,0,0,0,0,0,,16,28.62,17264240,556911,46.90,9945,1145533,36953,659.87,15.07
Mar 2023,Pune Station,64,60,4,64,60,457951,422032,13614,226.90,35919,1159,7.84,16417098,529584,38.90,61.65,63.10,69.27,93.75,26537,0,0,0,0,0,0,,15,32.91,18020818,581317,42.70,9689,938624,30278,504.64,19.20
Mar 2023,Nigadi,77,67,10,77,67,570912,543172,17522,261.52,27739,895,4.86,23259907,750320,42.82,59.99,71.38,77.71,87.01,41075,0,0,0,0,0,0,,12,28.38,25323962,816902,46.62,12193,1452859,46866,699.50,17.43
Mar 2023,Bhosari,37,34,3,37,34,256066,245638,7924,233.05,10428,336,4.07,10303924,332385,41.95,60.04,69.87,76.20,91.89,18907,0,0,0,0,0,0,,6,25.03,11237349,362495,45.75,10662,668769,21573,634.51,16.80
Mar 2023,Pimpri,50,43,7,50,43,353254,313806,10123,235.41,39448,1273,11.17,10512996,339129,33.50,64.93,51.59,57.45,86.00,21082,0,0,0,0,0,0,,12,20.20,11705458,377595,37.30,8781,745687,24054,559.40,15.70
Mar 2023,Bhekrai Nagar,30,29,1,30,29,216194,208862,6737,232.33,7332,237,3.39,9244480,298209,44.26,56.46,78.39,85.13,96.67,16741,0,0,0,0,0,0,,3,27.72,10038154,323811,48.06,11166,592149,19102,658.68,16.95
Mar 2023,Shewalwadi,14,13,1,14,13,93930,82671,2667,205.14,11259,363,11.99,3875529,125017,46.88,56.43,83.08,89.81,92.86,9228,0,0,0,0,0,0,,2,27.03,4189678,135151,50.68,10396,326413,10529,809.96,12.84
Mar 2023,Balewadi,3,3,0,3,3,20665,19308,623,207.61,1357,44,6.56,613822,19801,31.79,38.11,83.42,93.39,100.00,1133,0,0,0,0,0,0,,2,20.55,687192,22167,35.59,7389,40059,1292,430.75,17.15
Mar 2023,Baner,23,22,1,23,22,138279,132126,4262,193.73,6153,198,4.45,4923310,158816,37.26,60.81,61.28,67.53,95.65,9329,0,0,0,0,0,0,,5,24.28,5425389,175013,41.06,7955,329983,10645,483.85,16.44
Mar 2023,Wagholi,55,55,0,55,55,283743,258382,8335,151.54,25361,818,8.94,12311507,397145,47.65,65.90,72.31,78.07,100.00,21808,0,0,0,0,0,0,,6,21.62,13293360,428818,51.45,7797,771375,24883,452.42,17.23
Mar 2023,System Total,762,701,61,762,701,5165984,4683924,151094,215.54,482060,15550,9.33,199147891,6424126,42.52,61.14,69.54,75.75,91.99,376575,0,0,0,0,0,0,14,132,24.42,216946802,6998284,46.32,9983,13319840,429672,612.94,16.29
May 2023,Swargate,18,17,1,18,17,140718,125459,4047,238.06,15259,492,10.84,6588115,212520,52.51,62.04,84.64,90.76,94.44,10038,0,0,0,0,0,0.00,,1,25.95,7064860,227899,56.31,13406,357511,11533,678.39,19.76
May 2023,N.T.Wadi,102,95,7,102,95,838770,700530,22598,237.87,138240,4459,16.48,29541673,952957,42.17,70.37,59.92,65.32,93.14,47080,0,0,0,0,0,0.00,,19,20.39,32203687,1038829,45.97,10935,1676793,54090,569.37,19.21
May 2023,Kothrud,74,71,3,74,71,452516,421069,13583,191.31,31447,1014,6.95,18754454,604982,44.54,58.50,76.13,82.63,95.95,38744,0,0,0,0,0,0.00,,9,26.16,20354515,656597,48.34,9248,1379912,44513,626.95,14.75
May 2023,Katraj,126,111,15,126,111,802071,691275,22299,200.89,110796,3574,13.81,35474315,1144333,51.32,68.41,75.02,80.57,88.10,71446,0,0,1,0,1,0.14,,23,18.13,38101160,1229070,55.12,11073,2544603,82084,739.50,14.97
May 2023,Hadapsar,23,21,2,23,21,183551,170740,5508,262.27,12811,413,6.98,8170585,263567,47.85,62.48,76.59,82.67,91.30,13944,0,0,0,0,0,0.00,,2,28.48,8819398,284497,51.65,13547,496622,16020,762.86,17.76
May 2023,M.Yard,64,54,10,64,54,427304,355558,11470,212.40,71746,2314,16.79,17243950,556256,48.50,70.82,68.49,73.85,84.38,34300,0,0,0,0,0,0.00,,17,27.73,18595071,599841,52.30,11108,1221621,39407,729.76,15.22
May 2023,Pune Station,94,87,7,94,87,695463,604363,19496,224.09,91100,2939,13.10,26648593,859632,44.09,60.28,73.15,79.45,92.55,42117,0,0,1,0,1,0.17,,20,30.90,28945172,933715,47.89,10732,1500028,48388,556.18,19.30
May 2023,Nigadi,93,79,14,93,79,693501,654534,21114,267.27,38967,1257,5.62,30269269,976428,46.25,61.64,75.02,81.19,84.95,52350,0,0,0,0,0,0.00,,15,26.49,32756499,1056661,50.05,13375,1864497,60145,761.33,17.57
May 2023,Bhosari,47,46,1,47,46,315096,300984,9709,211.07,14112,455,4.48,14157386,456690,47.04,71.02,66.23,71.58,97.87,26534,0,0,0,0,0,0.00,,10,23.88,15301126,493585,50.84,10730,945042,30485,662.72,16.19
May 2023,Pimpri,67,57,10,67,57,484387,431010,13904,243.92,53378,1722,11.02,15891179,512619,36.87,67.91,54.29,59.88,85.07,30828,0,0,0,0,0,0.00,,19,20.16,17529015,565452,40.67,9920,1097983,35419,621.38,15.96
May 2023,Bhekrai Nagar,42,48,-6,42,48,313875,288665,9312,194.00,25210,813,8.03,14718049,474776,50.99,55.78,91.41,98.23,114.29,24834,0,0,0,0,0,0.00,,4,29.35,15814977,510161,54.79,10628,884487,28532,594.41,17.88
May 2023,Shewalwadi,14,14,0,14,14,93930,90095,2906,207.59,3835,124,4.08,4535064,146292,50.34,56.43,89.21,95.94,100.00,10361,0,0,0,0,0,0.00,,2,27.03,4877423,157336,54.14,11238,369011,11904,850.26,13.22
May 2023,Balewadi,23,23,0,23,23,154554,150664,4860,211.31,3890,125,2.52,6425293,207268,42.65,58.12,73.37,79.91,100.00,13348,0,0,0,0,0,0.00,,5,25.19,6997816,225736,46.45,9815,475393,15335,666.75,14.72
May 2023,Baner,29,26,3,29,26,171411,160659,5183,199.33,10752,347,6.27,6315649,203731,39.31,60.75,64.71,70.96,89.66,11998,0,0,0,0,0,0.00,,7,22.60,6926153,223424,43.11,8593,427312,13784,530.16,16.21
May 2023,Wagholi,50,52,-2,50,52,328516,302356,9753,187.57,26160,844,7.96,15838215,510910,52.38,60.75,86.22,92.48,104.00,26509,1,0,0,0,1,0.33,,7,24.06,16987168,547973,56.18,10538,944144,30456,585.70,17.99
May 2023,System Total,866,801,65,866,801,6095665,5447961,175741,219.40,647704,20894,10.63,250571789,8082961,45.99,63.02,72.98,79.01,92.49,454431,1,0,2,0,3,0.64,46,160,24.10,271274042,8750776,49.79,10925,16184958,522095,651.80,16.76
Nov 2023,Swargate,19,16,3,19,16,112764,103421,3447,215.46,9343,311,8.29,5396803,179893,52.18,73.93,70.58,75.72,84.21,8458,0,0,0,0,0,0,,2,19.68,5789805,192993,55.98,12062,298583,9953,622.05,19.39
Nov 2023,N.T.Wadi,104,83,21,104,83,791808,635041,21168,255.04,156768,5226,19.80,27444359,914812,43.22,69.07,62.57,68.07,79.81,42266,0,0,0,0,0,0,,23,28.58,29857513,995250,47.02,11991,1492146,49738,599.26,20.01
Nov 2023,Kothrud,71,62,9,71,62,423915,392996,13100,211.29,30919,1031,7.29,16435471,547849,41.82,59.42,70.39,76.78,87.32,36991,0,0,0,0,0,0,,8,26.07,17928857,597629,45.62,9639,1305925,43531,702.11,13.73
Nov 2023,Katraj,127,111,16,127,111,787940,692277,23076,207.89,95663,3189,12.14,33817316,1127244,48.85,67.16,72.73,78.39,87.40,70563,0,0,0,0,0,0,,21,18.41,36447969,1214932,52.65,10945,2491148,83038,748.09,14.63
Nov 2023,Hadapsar,27,22,5,27,22,199554,188329,6278,285.35,11225,374,5.62,8773275,292443,46.58,60.06,77.56,83.89,81.48,14827,0,0,0,0,0,0,,3,29.85,9488927,316298,50.38,14377,523455,17449,793.11,18.13
Nov 2023,Upper Depot,69,55,14,69,55,412215,360955,12032,218.76,51260,1709,12.44,15976919,532564,44.26,75.92,58.30,63.31,79.71,34099,0,0,0,0,0,0,,21,28.67,17348546,578285,48.06,10514,1203830,40128,729.59,14.41
Nov 2023,Pune Station,95,77,18,95,77,663150,566435,18881,245.21,96715,3224,14.58,25972492,865750,45.85,63.38,72.34,78.34,81.05,44195,0,0,0,0,0,0,,17,22.20,28124943,937498,49.65,12175,1560250,52008,675.43,18.03
Nov 2023,Nigadi,96,75,21,96,75,687099,583101,19437,259.16,103998,3467,15.14,26732993,891100,45.85,56.95,80.51,88.33,78.13,50703,1,1,0,0,2,0.34,,15,25.42,29328299,977610,50.30,13035,1789997,59667,795.55,16.38
Nov 2023,Bhosari,52,41,11,52,41,335490,319722,10657,259.94,15768,526,4.70,14320934,477364,44.79,71.60,62.56,67.87,78.85,25904,0,0,0,0,0,0,,10,24.87,15535879,517863,48.59,12631,914518,30484,743.51,16.99
Nov 2023,Pimpri,64,50,14,64,50,416678,362033,12068,241.36,54645,1821,13.11,13948744,464958,38.53,67.72,56.89,62.50,78.13,29515,0,0,0,0,0,0,,17,20.88,15324468,510816,42.33,10216,1041993,34733,694.66,14.71
Nov 2023,Bhekrai Nagar,61,56,5,61,56,412500,382129,12738,227.46,30371,1012,7.36,18637437,621248,48.77,58.19,83.82,90.35,91.80,34794,0,1,0,0,1,0.26,,5,26.87,20089526,669651,52.57,11958,1228354,40945,731.16,16.35
Nov 2023,Shewalwadi,28,25,3,28,25,178227,168104,5603,224.14,10124,337,5.68,7414687,247156,44.11,58.18,75.81,82.34,89.29,16269,0,0,0,0,0,0,,3,26.72,8053480,268449,47.91,10738,574369,19146,765.83,14.02
Nov 2023,Balewadi,23,18,5,23,18,151434,139339,4645,258.04,12095,403,7.99,6074613,202487,43.60,65.24,66.82,72.64,78.26,13340,0,0,0,0,0,0,,5,25.19,6604101,220137,47.40,12230,470935,15698,872.10,14.02
Nov 2023,Baner,27,22,5,27,22,159392,151126,5038,228.98,8266,276,5.19,5268764,175625,34.86,62.37,55.89,61.99,81.48,10413,0,0,0,0,0,0,,7,25.61,5843043,194768,38.66,8853,367614,12254,556.99,15.89
Nov 2023,Wagholi,64,59,5,64,59,399858,367076,12236,207.39,32782,1093,8.20,18272415,609081,49.78,60.89,81.76,88.00,92.19,33927,0,0,0,0,0,0,,8,23.38,19667304,655577,53.58,11111,1197742,39925,676.69,16.42
Nov 2023,System Total,927,772,155,927,772,6132023,5412083,180403,233.68,719939,23998,11.74,244487222,8149574,45.17,64.67,69.85,75.84,83.28,466264,1,2,0,0,3,0.06,50,165,24.56,265432661,8847755,49.04,11461,16460858,548695,710.75,16.13
Oct 2023,Swargate,19,14,5,19,14,143874,102903,3319,234.40,40971,1322,28.48,4805035,155001,46.69,73.93,63.16,68.30,74.53,7683,0,0,0,0,0,0,,2,19.68,5196066,167615,50.49,11836,281810,9091,641.94,18.44
Oct 2023,N.T.Wadi,105,87,18,105,87,846052,667371,21528,247.22,178681,5764,21.12,28514971,919838,42.73,70.40,60.69,66.09,82.93,45693,0,0,0,0,0,0,,26,27.05,31050981,1001645,46.53,11502,1675976,54064,620.85,18.53
Oct 2023,Kothrud,71,64,7,71,64,458059,418586,13503,210.08,39473,1273,8.62,19897759,641863,47.54,59.47,79.94,86.33,90.53,43002,0,0,0,0,0,0,,9,26.16,21488388,693174,51.34,10785,1577271,50880,791.60,13.62
Oct 2023,Katraj,126,113,13,126,113,823727,724081,23357,207.09,99646,3214,12.10,36206087,1167938,50.00,68.66,72.82,78.36,89.52,75226,0,0,0,0,0,0,,23,17.76,38957595,1256697,53.80,11142,2759212,89007,789.14,14.12
Oct 2023,Hadapsar,28,23,5,28,23,206206,202732,6540,280.21,3474,112,1.68,9495931,306320,46.84,60.06,77.99,84.31,83.35,16209,0,0,0,0,0,0,,3,29.85,10266312,331171,50.64,14190,594528,19178,821.74,17.27
Oct 2023,Upper Depot,68,56,12,68,56,424220,376747,12153,216.02,47472,1531,11.19,17165904,553739,45.56,76.17,59.81,64.80,82.73,36409,0,0,0,0,0,0,,21,28.48,18597543,599921,49.36,10664,1335463,43079,765.75,13.93
Oct 2023,Pune Station,93,80,13,93,80,745311,587123,18939,235.70,158188,5103,21.22,26596282,857945,45.30,62.46,72.53,78.61,86.40,45214,0,0,0,0,0,0,,21,29.81,28827350,929915,49.10,11573,1658402,53497,665.76,17.38
Oct 2023,Nigadi,96,80,16,96,80,714751,636146,20521,257.65,78606,2536,11.00,29953622,966246,47.09,64.12,73.44,80.39,82.96,53925,0,0,0,0,0,0,,16,25.72,32789891,1057738,51.54,13281,1977932,63804,801.11,16.58
Oct 2023,Bhosari,52,42,10,52,42,353071,336523,10856,258.67,16548,534,4.69,15229222,491265,45.25,70.62,64.08,69.47,80.71,15264,0,1,0,0,1,0.30,,11,24.67,16508010,532516,49.05,12689,1070162,34521,822.57,15.43
Oct 2023,Pimpri,64,53,11,64,53,434752,390117,12584,237.37,44634,1440,10.27,15724359,507237,40.31,68.69,58.68,64.21,82.84,32774,0,0,0,0,0,0,,18,20.47,17206805,555058,44.11,10470,1202107,38778,731.43,14.31
Oct 2023,Bhekrai Nagar,61,54,7,61,54,433231,377234,12169,227.32,55997,1806,12.93,18836926,607643,49.93,58.19,85.81,92.34,87.76,35549,0,0,0,0,0,0,,5,26.87,20270414,653884,53.73,12215,1303892,42061,785.71,15.55
Oct 2023,Shewalwadi,28,25,3,28,25,184168,178772,5767,227.16,5396,174,2.93,8076631,260536,45.18,58.18,77.65,84.18,90.67,17323,0,0,0,0,0,0,,3,26.72,8755963,282450,48.98,11126,635401,20497,807.37,13.78
Oct 2023,Balewadi,23,19,4,23,19,156482,149373,4818,258.88,7109,229,4.54,7015836,226317,46.97,65.24,71.99,77.81,80.93,14870,0,0,0,0,0,0,,5,25.19,7583453,244628,50.77,13143,545424,17594,945.28,13.90
Oct 2023,Baner,27,21,6,27,21,159790,151575,4890,229.14,8215,265,5.14,6756160,217941,44.57,63.67,70.01,75.98,79.03,13394,0,0,0,0,0,0,,6,23.57,7332145,236521,48.37,11084,491280,15848,742.68,14.92
Oct 2023,Wagholi,64,58,6,64,58,413187,377657,12182,209.05,35530,1146,8.60,19300688,622603,51.11,60.89,83.94,90.18,91.05,35312,0,0,0,0,0,0,,8,23.38,20735785,668896,54.91,11478,1295230,41782,716.98,16.01
Oct 2023,System Total,925,790,135,925,790,6496881,5676940,183127,231.80,819941,26450,12.62,263575413,8502433,46.43,65.38,71.01,76.94,85.41,487847,0,1,0,0,1,0.30,28,177,24.97,285566702,9211829,50.30,11660,18404091,593680,751.46,15.52
Sep 2023,Swargate,19,16,3,19,16,140679,112343,3745,231.40,28336,945,20.14,5483145,182772,48.81,73.93,66.02,71.16,85.18,8872,0,0,0,0,0,0.00,,2,19.68,5910048,197002,52.61,12173,312274,10409,643.20,18.93
Sep 2023,N.T.Wadi,104,92,12,104,92,752973,682851,22762,247.72,70122,2337,9.31,31194001,1039800,45.68,71.14,64.22,69.56,88.35,52556,0,0,0,0,0,0.00,,19,20.49,33788837,1126295,49.48,12258,1849909,61664,671.11,18.27
Sep 2023,Kothrud,75,64,11,75,64,450135,405335,13511,210.29,44800,1493,9.95,19601008,653367,48.36,59.47,81.32,87.71,85.67,44155,0,0,0,0,0,0.00,,9,26.16,21141279,704709,52.16,10968,1554196,51807,806.33,13.60
Sep 2023,Katraj,126,113,13,126,113,771032,707420,23581,207.88,63612,2120,8.25,36620676,1220689,51.77,68.66,75.39,80.93,90.03,77998,0,1,0,0,1,0.14,,23,17.76,39308872,1310296,55.57,11551,2745441,91515,806.77,14.32
Sep 2023,Hadapsar,28,25,3,28,25,219876,206225,6874,276.81,13651,455,6.21,9950524,331684,48.25,60.06,80.34,86.66,88.69,17109,0,0,0,0,0,0.00,,3,29.85,10734179,357806,52.05,14408,602228,20074,808.36,17.82
Sep 2023,Upper Depot,67,58,9,67,58,434799,373237,12441,215.81,61562,2052,14.16,17195291,573176,46.07,70.40,65.44,70.84,86.04,37564,0,0,0,0,0,0.00,,20,30.33,18613593,620453,49.87,10762,1322205,44074,764.50,14.08
Sep 2023,Pune Station,93,82,11,93,82,669069,591965,19732,239.86,77104,2570,11.52,27513394,917113,46.48,61.32,75.79,81.99,88.46,45809,0,0,0,0,0,0.00,,20,30.62,29762859,992095,50.28,12060,1612427,53748,653.33,18.46
Sep 2023,Nigadi,92,80,12,92,80,656859,617126,20571,257.35,39733,1324,6.05,31066517,1035551,50.34,64.63,77.89,83.77,86.88,55708,0,1,0,0,1,0.16,,15,25.53,33411595,1113720,54.14,13933,1960849,65362,817.70,17.04
Sep 2023,Bhosari,53,43,10,53,43,343680,330724,11024,256.97,12956,432,3.77,15626838,520895,47.25,70.62,66.91,72.29,80.94,28345,0,0,0,0,0,0.00,,11,24.67,16883590,562786,51.05,13119,997723,33257,775.23,16.92
Sep 2023,Pimpri,66,54,12,66,54,444098,390619,13021,239.94,53479,1783,12.04,16347750,544925,41.85,65.19,64.20,70.03,82.22,33465,0,0,0,0,0,0.00,,19,20.24,17832101,594403,45.65,10953,1177932,39264,723.55,15.14
Sep 2023,Bhekrai Nagar,58,53,5,58,53,403344,355965,11865,222.97,47379,1579,11.75,19121833,637394,53.72,58.19,92.32,98.85,91.75,36028,0,0,0,0,0,0.00,,5,26.87,20474498,682483,57.52,12825,1268157,42272,794.34,16.15
Sep 2023,Shewalwadi,28,18,10,28,18,182925,117566,3919,217.92,65359,2179,35.73,5657627,188588,48.12,58.18,82.71,89.24,64.23,18327,0,0,0,1,1,0.85,,3,26.72,6104379,203479,51.92,11315,645104,21503,1195.74,9.46
Sep 2023,Balewadi,23,19,4,23,19,149568,139334,4644,247.70,10234,341,6.84,6900546,230018,49.53,65.24,75.91,81.73,81.52,14557,0,0,0,0,0,0.00,,5,25.19,7430015,247667,53.33,13209,512374,17079,910.89,14.50
Sep 2023,Baner,27,22,5,27,22,154635,149369,4979,229.80,5266,176,3.41,6747457,224915,45.17,63.67,70.95,76.92,80.25,13368,0,0,0,0,0,0.00,,6,23.57,7315059,243835,48.97,11254,470540,15685,723.91,15.55
Sep 2023,Wagholi,54,52,2,54,52,341850,313908,10464,201.35,27942,931,8.17,17069206,568974,54.38,60.75,89.51,95.76,96.23,30407,0,0,0,0,0,0.00,,7,24.06,18262058,608735,58.18,11714,1070296,35677,686.53,17.06
Sep 2023,System Total,913,791,122,913,791,6115521,5493986,183133,231.47,621535,20718,10.16,266095813,8869860,48.43,64.76,74.79,80.65,86.66,514267,0,2,0,1,3,1.15,42,167,24.37,286972961,9565765,52.23,12090,18101655,603389,762.64,15.85
Apr 2024,Swargate,19,17,2,19,17,112764,98651,3288,195.35,14113,470,12.52,4824250,160808,48.90,73.93,66.15,71.29,88.60,7625,0,0,0,0,0,0,,2,19.68,5199122,173304,52.70,10295,265149,8838,525.05,19.61
Apr 2024,N.T.Wadi,92,74,18,92,74,698730,587785,19593,264.89,110945,3698,15.88,24277751,809258,41.30,69.22,59.67,65.16,80.40,38371,0,0,0,0,0,0,,21,28.88,26511334,883711,45.10,11947,1334336,44478,601.32,19.87
Apr 2024,Kothrud,71,63,8,71,63,423915,393770,13126,207.96,30145,1005,7.11,17252785,575093,43.81,59.42,73.74,80.14,88.90,37745,0,0,0,0,0,0,,8,26.07,18749109,624970,47.61,9902,1312571,43752,693.20,14.28
Apr 2024,Katraj,121,97,24,121,97,740108,596357,19879,204.69,143751,4792,19.42,29296592,976553,49.13,66.69,73.67,79.36,80.26,62999,0,0,0,0,0,0,,21,18.54,31562749,1052092,52.93,10833,2190763,73025,751.93,14.41
Apr 2024,Hadapsar,29,18,11,29,18,212235,159295,5310,293.63,52940,1765,24.94,7559946,251998,47.46,64.15,73.99,79.91,62.36,12798,0,0,0,0,0,0,,4,26.10,8165267,272176,51.26,15051,445046,14835,820.36,18.35
Apr 2024,Upper Depot,69,57,12,69,57,415869,377538,12585,219.18,38331,1278,9.22,16817560,560585,44.55,75.56,58.96,63.99,83.21,36261,0,0,0,0,0,0,,22,28.29,18252205,608407,48.35,10596,1260970,42032,732.06,14.47
Apr 2024,Pune Station,87,74,13,87,74,610113,530815,17694,240.30,79298,2643,13.00,24264063,808802,45.71,62.63,72.99,79.06,84.64,43027,0,0,0,0,0,0,,15,22.93,26281159,876039,49.51,11897,1496240,49875,677.34,17.56
Apr 2024,Nigadi,96,84,12,96,84,696354,655812,21860,259.68,40542,1351,5.82,29560118,985337,45.07,64.69,69.68,76.57,87.69,53171,0,0,0,0,0,0,,15,25.42,32484584,1082819,49.53,12863,1848983,61633,732.13,17.57
Apr 2024,Bhosari,50,41,9,50,41,336828,315998,10533,259.76,20830,694,6.18,13458701,448623,42.59,70.81,60.15,65.51,81.10,24720,0,0,0,0,0,0,,10,25.31,14659494,488650,46.39,12051,859610,28654,706.63,17.05
Apr 2024,Pimpri,62,51,11,62,51,425480,387348,12912,252.92,38132,1271,8.96,13646917,454897,35.23,68.17,51.68,57.25,82.34,28804,0,0,0,0,0,0,,18,20.89,15118838,503961,39.03,9872,1001656,33389,654.04,15.09
Apr 2024,Bhekrai Nagar,61,58,3,61,58,423420,394198,13140,227.47,29222,974,6.90,19552505,651750,49.60,58.19,85.24,91.77,94.70,36266,0,0,0,0,0,0,,5,26.87,21050456,701682,53.40,12147,1261127,42038,727.71,16.69
Apr 2024,Shewalwadi,28,25,3,28,25,178227,164770,5492,222.36,13457,449,7.55,7083235,236108,42.99,58.18,73.89,80.42,88.21,15337,0,0,0,0,0,0,,3,26.72,7709363,256979,46.79,10404,533348,17778,719.77,14.45
Apr 2024,Balewadi,23,19,4,23,19,157428,151416,5047,262.42,6012,200,3.82,6602297,220077,43.60,64.74,67.35,73.22,83.62,14289,0,0,0,0,0,0,,5,25.49,7177678,239256,47.40,12440,496881,16563,861.15,14.45
Apr 2024,Baner,27,21,6,27,21,165597,157219,5241,249.75,8378,279,5.06,5991730,199724,38.11,62.37,61.10,67.19,77.72,11663,0,0,0,0,0,0,,7,25.61,6589162,219639,41.91,10467,405587,13520,644.30,16.25
Apr 2024,Wagholi,64,59,5,64,59,407670,387349,12912,218.59,20322,677,4.98,19523083,650769,50.40,60.89,82.78,89.02,92.29,35169,0,0,0,1,1,0.26,,8,23.38,20995007,699834,54.20,11848,1222999,40767,690.18,17.17
Apr 2024,System Total,899,758,141,899,758,6004737,5358319,172849,228.12,646418,20852,10.77,239711533,7732630,44.74,65.31,68.50,74.44,84.28,458245,0,0,0,1,1,0.02,19,164,24.59,260505527,8403404,48.62,11091,15935265,514041,678.42,16.35
Aug 2024,Swargate,18,17,1,18,17,113367,100025,3227,192.73,13342,430,11.77,5158029,166388,51.57,62.04,83.12,89.24,93.01,7918,,,,,0,0,,1,25.95,5538123,178649,55.37,10671,289849,9350,558.48,19.11
Aug 2024,N.T.Wadi,100,72,28,100,72,764472,566583,18277,252.15,197890,6384,25.89,25571592,824890,45.13,70.18,64.31,69.73,72.48,39739,,,,,0,0,,22,28.01,27724606,894342,48.93,12338,1454729,46927,647.41,19.06
Aug 2024,Kothrud,71,62,9,71,62,438046,394176,12715,206.37,43870,1415,10.01,18956369,611496,48.09,59.42,80.94,87.33,86.78,41945,,,,,0,0,,8,26.07,20454238,659814,51.89,10709,1535486,49532,803.92,13.32
Aug 2024,Katraj,117,97,20,117,97,736500,593909,19158,197.18,142591,4600,19.36,31772837,1024930,53.50,66.69,80.22,85.92,83.04,65621,,,,,0,0,,21,18.54,34029691,1097732,57.30,11298,2402200,77490,797.54,14.17
Aug 2024,Hadapsar,25,16,9,25,16,193279,138456,4466,284.30,54823,1768,28.36,6998305,225752,50.55,61.42,82.30,88.49,62.84,12157,,,,,0,0,,3,30.60,7524436,242724,54.35,15451,445051,14356,913.86,16.91
Aug 2024,Upper Depot,66,57,9,66,57,417821,363928,11740,204.45,53893,1738,12.90,17644284,569170,48.48,74.47,65.11,70.21,87.00,37945,,,,,0,0,,20,30.19,19027210,613781,52.28,10689,1389065,44809,780.37,13.70
Aug 2024,Pune Station,80,75,5,80,75,587416,530547,17114,229.23,56869,1834,9.68,25575530,825017,48.21,61.02,79.01,85.23,93.33,44187,,,,,0,0,,14,23.60,27591607,890052,52.01,11921,1617569,52180,698.88,17.06
Aug 2024,Nigadi,104,82,22,104,82,786551,617167,19909,241.98,169384,5464,21.53,30465799,982768,49.36,64.56,76.46,83.35,79.11,54595,,,,,0,0,,16,25.44,33211337,1071333,53.81,13022,1998554,64469,783.59,16.62
Aug 2024,Bhosari,53,37,16,53,37,367313,281053,9066,243.55,86260,2783,23.48,13315267,429525,47.38,65.51,72.32,78.12,70.24,24751,,,,,0,0,,10,25.81,14383270,463976,51.18,12464,906049,29227,785.14,15.87
Aug 2024,Pimpri,60,53,7,60,53,403115,318930,10288,195.36,84184,2716,20.88,13406796,432477,42.04,70.23,59.85,65.26,87.77,26320,,,,,0,0,,16,20.54,14618731,471572,45.84,8955,963487,31080,590.19,15.17
Aug 2024,Bhekrai Nagar,63,61,2,63,61,450101,388166,12521,204.78,61935,1998,13.76,20685634,667279,53.29,59.82,89.08,95.44,97.06,38716,,,,,0,0,,6,24.08,22160667,714860,57.09,11691,1417295,45719,747.72,15.64
Aug 2024,Shewalwadi,28,23,5,28,23,184168,158187,5103,218.49,25981,838,14.11,7469136,240940,47.22,58.18,81.16,87.69,83.41,16281,,,,,0,0,,3,26.72,8070247,260331,51.02,11147,596004,19226,823.21,13.54
Aug 2024,Balewadi,24,19,5,24,19,175485,150905,4868,257.30,24580,793,14.01,7252908,233965,48.06,59.63,80.60,86.97,78.83,15846,,,,,0,0,,6,25.64,7826347,252463,51.86,13344,580074,18712,989.04,13.49
Aug 2024,Baner,28,25,3,28,25,176748,158084,5099,201.90,18664,602,10.56,6373567,205599,40.32,62.35,64.67,70.76,90.21,12238,,,,,0,0,,8,25.19,6974286,224977,44.12,8907,447988,14451,572.14,15.57
Aug 2024,Wagholi,61,58,3,61,58,401524,373310,12042,208.09,28214,910,7.03,20656202,666329,55.33,60.89,90.88,97.12,94.87,36712,,,,,0,0,,8,23.38,22074780,712090,59.13,12305,1343924,43352,749.12,16.43
Aug 2024,System Total,898,755,144,898,755,6195905,5133426,165594,219.48,1062479,34274,17.15,251302255,8106524,48.95,63.76,76.78,82.86,84.02,474970,0,0,0,0,0,0.00,48,162,24.86,271209575,8748696,52.83,11595,17387322,560881,743.38,15.60
Jul 2024,Swargate,18,17,1,18,17,113367,103001,3323,196.76,10366,334,9.14,5265665,169860,51.12,62.04,82.40,88.52,93.82,7860,,,,,0,0,,1,25.95,5657071,182486,54.92,10806,287045,9260,548.32,19.71
Jul 2024,N.T.Wadi,100,73,27,100,73,764472,574714,18539,254.81,189758,6121,24.82,24928131,804133,43.37,70.18,61.81,67.22,72.76,38774,,,,,0,0,,22,28.01,27112045,874582,47.17,12020,1415951,45676,627.78,19.15
Jul 2024,Kothrud,71,61,10,71,61,438046,395067,12744,207.44,42979,1386,9.81,18168193,586071,45.99,59.42,77.40,83.79,86.53,39521,,,,,0,0,,8,26.07,19669446,634498,49.79,10328,1443236,46556,757.80,13.63
Jul 2024,Katraj,117,97,20,117,97,736500,589855,19028,196.45,146645,4730,19.91,30185509,973726,51.17,66.69,76.74,82.44,82.78,63403,,,,,0,0,,21,18.54,32426958,1046031,54.97,10800,2315382,74690,771.15,14.01
Jul 2024,Hadapsar,26,17,9,26,17,197073,143504,4629,280.28,53569,1728,27.18,7028105,226713,48.97,64.15,76.35,82.27,63.52,12062,,,,,0,0,,4,26.10,7573422,244304,52.77,14792,440471,14209,860.29,17.19
Jul 2024,Upper Depot,66,58,8,66,58,417821,380293,12268,209.82,37528,1211,8.98,16717281,539267,43.96,74.47,59.03,64.13,88.59,36513,,,,,0,0,,20,30.19,18162396,585884,47.76,10021,1333386,43012,735.66,13.62
Jul 2024,Pune Station,80,76,4,80,76,587416,555530,17920,236.09,31886,1029,5.43,25823506,833016,46.48,61.02,76.18,82.41,94.88,44484,,,,,0,0,,14,23.60,27934519,901114,50.28,11872,1624488,52403,690.39,17.20
Jul 2024,Nigadi,93,82,11,93,82,702032,620713,20023,245.10,81319,2623,11.58,30403938,980772,48.98,64.69,75.72,82.60,87.84,52580,,,,,0,0,,15,25.42,33167338,1069914,53.43,13097,1920151,61940,758.20,17.27
Jul 2024,Bhosari,50,36,14,50,36,349159,279758,9024,249.56,69401,2239,19.88,12751893,411351,45.58,65.51,69.58,75.38,72.32,24127,,,,,0,0,,10,25.81,13814974,445644,49.38,12324,881095,28422,785.99,15.68
Jul 2024,Pimpri,60,49,11,60,49,415192,339372,10947,222.17,75820,2446,18.26,13295817,428897,39.18,70.23,55.78,61.19,82.12,26522,,,,,0,0,,16,20.54,14585430,470498,42.98,9549,968537,31243,634.07,15.06
Jul 2024,Bhekrai Nagar,63,59,4,63,59,451149,401726,12959,219.82,49423,1594,10.95,19939374,643206,49.63,62.96,78.84,84.87,93.57,36684,,,,,0,0,,6,23.72,21465932,692449,53.43,11746,1339655,43215,733.05,16.02
Jul 2024,Shewalwadi,28,23,5,28,23,184168,157261,5073,221.34,26907,868,14.61,7044533,227243,44.80,58.18,76.99,83.52,81.85,15249,,,,,0,0,,3,26.72,7642124,246520,48.60,10756,556885,17964,783.79,13.72
Jul 2024,Balewadi,23,19,4,23,19,162676,153086,4938,256.86,9590,309,5.89,7383107,238165,48.23,64.74,74.50,80.37,83.59,15378,,,,,0,0,,5,25.49,7964834,256930,52.03,13364,561572,18115,942.23,14.18
Jul 2024,Baner,27,21,6,27,21,169452,157839,5092,247.01,11613,375,6.85,6478298,208977,41.04,62.37,65.80,71.90,76.34,12129,,,,,0,0,,7,25.61,7078086,228325,44.84,11077,442925,14288,693.15,15.98
Jul 2024,Wagholi,61,59,2,61,59,404872,388435,12530,212.78,16437,530,4.06,20475973,660515,52.71,60.89,86.58,92.82,96.54,35819,,,,,0,0,,8,23.38,21952026,708130,56.51,12025,1308055,42195,716.55,16.78
Jul 2024,System Total,883,747,136,883,747,6093396,5240155,169037,226.43,853241,27524,14.00,245889323,7931914,46.92,64.50,72.75,78.76,84.55,461106,0,0,0,0,0,0.00,31,160,24.77,266206602,8587310,50.80,11503,16838833,543188,727.60,15.81
Jun 2024,Swargate,19,18,1,19,18,112764,102239,3408,190.39,10525,351,9.33,5535939,184531,54.15,73.93,73.24,77.91,94.21,8631,,,,,0,0,,2,19.68,5888664,196289,57.60,10966,297313,9910,553.66,19.81
Jun 2024,N.T.Wadi,100,72,28,100,72,739812,556965,18566,256.19,182847,6095,24.72,25250914,841697,45.34,70.18,64.60,69.52,72.47,39236,,,,,0,0,,22,28.01,27172444,905748,48.79,12499,1351640,45055,621.73,20.10
Jun 2024,Kothrud,71,62,9,71,62,423915,388370,12946,208.46,35545,1185,8.38,17581294,586043,45.27,59.42,76.19,82.00,87.46,38670,,,,,0,0,,8,26.07,18921170,630706,48.72,10156,1332122,44404,715.04,14.20
Jun 2024,Katraj,121,100,21,121,100,738860,603079,20103,200.13,135781,4526,18.38,31198056,1039935,51.73,66.69,77.57,82.75,83.02,64030,,,,,0,0,,21,18.54,33278679,1109289,55.18,11043,2205732,73524,731.95,15.09
Jun 2024,Hadapsar,29,17,12,29,17,212235,146137,4871,279.69,66098,2203,31.14,7273862,242462,49.77,64.15,77.60,82.97,60.06,12674,,,,,0,0,,4,26.10,7778034,259268,53.22,14886,436598,14553,835.59,17.82
Jun 2024,Upper Depot,67,59,8,67,59,406497,369392,12313,209.94,37105,1237,9.13,17557630,585254,47.53,75.58,62.89,67.45,87.54,37351,,,,,0,0,,21,29.20,18832031,627734,50.98,10703,1286676,42889,731.27,14.64
Jun 2024,Pune Station,80,75,5,80,75,567993,521959,17399,231.52,46034,1534,8.10,25219674,840656,48.32,61.02,79.19,84.84,93.94,43729,,,,,0,0,,14,23.60,27020434,900681,51.77,11985,1506417,50214,668.18,17.94
Jun 2024,Nigadi,94,82,12,94,82,686850,614071,20469,249.52,72779,2426,10.60,30105201,1003507,49.03,56.95,86.09,93.67,87.27,54176,,,,,0,0,,15,25.42,32755077,1091836,53.34,13310,1866290,62210,758.35,17.55
Jun 2024,Bhosari,50,39,11,50,39,338472,297176,9906,255.86,41296,1377,12.20,14071278,469043,47.35,65.51,72.28,77.54,77.43,26497,,,,,0,0,,10,25.81,15096535,503218,50.80,12997,912793,30426,785.87,16.54
Jun 2024,Pimpri,62,52,10,62,52,411285,354530,11818,225.74,56755,1892,13.80,13923361,464112,39.27,69.43,56.56,61.53,84.44,26996,,,,,0,0,,18,20.48,15146491,504883,42.72,9644,929990,31000,592.16,16.29
Jun 2024,Bhekrai Nagar,63,59,4,63,59,436596,398087,13270,226.06,38509,1284,8.82,20850609,695020,52.38,62.96,83.20,88.68,93.17,38333,,,,,0,0,,6,23.72,22224008,740800,55.83,12620,1320510,44017,749.86,16.83
Jun 2024,Shewalwadi,28,23,5,28,23,178227,160070,5336,229.00,18157,605,10.19,7311240,243708,45.68,58.18,78.51,84.44,83.21,16123,,,,,0,0,,3,26.72,7863482,262116,49.13,11250,555417,18514,794.59,14.16
Jun 2024,Balewadi,23,19,4,23,19,157428,150775,5026,260.86,6653,222,4.23,7207043,240235,47.80,64.74,73.84,79.16,83.77,15449,,,,,0,0,,5,25.49,7727217,257574,51.25,13369,532207,17740,920.77,14.52
Jun 2024,Baner,27,23,4,27,23,165597,156806,5227,225.13,8791,293,5.31,6324882,210829,40.34,62.37,64.67,70.20,85.99,12225,,,,,0,0.00,,7,25.61,6865863,228862,43.79,9858,421132,14038,604.64,16.30
Jun 2024,Wagholi,62,59,4,62,59,396186,374320,12477,213.29,21866,729,5.52,20437662,681255,54.60,60.89,89.67,95.34,94.35,36097,,,,,0,0.00,,8,23.38,21729066,724302,58.05,12381,1243499,41450,708.55,17.47
Jun 2024,System Total,896,760,136,896,760,5972717,5193976,173133,227.74,778741,25958,13.04,249848645,8328288,48.10,64.80,74.24,79.72,84.85,470218,0,0,0,0,0,0.00,12,164,24.55,268299194,8943306,51.66,11764,16198336,539945,710.25,16.56
May 2024,Swargate,19,17,2,19,17,116523,102633,3311,196.99,13889,448,11.92,5243875,169157,51.09,73.93,69.11,74.25,88.46,7743,,,,,0,0,,2,19.68,5633882,181738,54.89,10814,275726,8894,529.23,20.43
May 2024,N.T.Wadi,98,74,24,98,74,758260,591544,19082,259.56,166716,5378,21.99,25128789,810606,42.48,70.02,60.67,66.09,75.02,38284,,,,,0,0,,21,28.40,27376655,883118,46.28,12013,1363381,43980,598.24,20.08
May 2024,Kothrud,71,58,13,71,58,438046,385242,12427,215.70,52803,1703,12.05,16528505,533178,42.90,59.42,72.21,78.60,81.14,34516,,,,,0,0,,8,26.07,17992426,580401,46.70,10074,1229186,39651,688.23,14.64
May 2024,Katraj,121,97,24,121,97,764778,616498,19887,204.00,148280,4783,19.39,30990460,999692,50.27,66.69,75.38,81.08,80.57,62029,,,,,0,0,,21,18.54,33333152,1075263,54.07,11030,2208977,71257,730.97,15.09
May 2024,Hadapsar,29,17,12,29,17,219310,156884,5061,289.99,62426,2014,28.46,7418792,239316,47.29,64.15,73.72,79.64,60.18,12338,,,,,0,0,,4,26.10,8014951,258547,51.09,14815,439378,14173,812.16,18.24
May 2024,Upper Depot,69,54,15,69,54,429731,367551,11856,218.72,62181,2006,14.47,16879481,544499,45.92,75.56,60.78,65.81,78.56,34328,,,,,0,0,,22,28.29,18276174,589554,49.72,10875,1222475,39435,727.45,14.95
May 2024,Pune Station,80,74,6,80,74,586926,556908,17965,242.29,30018,968,5.11,25671951,828127,46.10,61.02,75.55,81.78,92.68,42128,,,,,0,0,,14,23.60,27788201,896394,49.90,12090,1500267,48396,652.72,18.52
May 2024,Nigadi,96,84,12,96,84,719566,673068,21712,258.03,46498,1500,6.46,30529353,984818,45.36,64.69,70.12,77.00,87.65,52821,,,,,0,0,,15,25.42,33526950,1081515,49.81,12853,1881065,60680,721.13,17.82
May 2024,Bhosari,50,41,9,50,41,348056,320188,10329,253.48,27868,899,8.01,13997121,451520,43.72,70.81,61.74,67.10,81.49,24535,,,,,0,0,,10,25.31,15213834,490769,47.52,12044,873747,28185,691.72,17.41
May 2024,Pimpri,61,51,10,61,51,420823,386124,12456,241.98,34699,1119,8.25,13740553,443244,35.59,70.26,50.65,56.05,84.38,27507,,,,,0,0,,17,20.21,15207825,490575,39.39,9531,979592,31600,613.90,15.52
May 2024,Bhekrai Nagar,61,59,2,61,59,437534,407668,13151,221.39,29866,963,6.83,20850360,672592,51.15,58.19,87.89,94.42,97.38,36288,,,,,0,0,,5,26.87,22399499,722564,54.95,12164,1292302,41687,701.80,17.33
May 2024,Shewalwadi,28,23,5,28,23,184168,165262,5331,228.74,18906,610,10.27,7227348,233140,43.73,58.18,75.17,81.70,83.24,14960,,,,,0,0,,3,26.72,7855342,253398,47.53,10872,532747,17185,737.37,14.74
May 2024,Balewadi,23,19,4,23,19,162676,154154,4973,263.29,8522,275,5.24,6764236,218201,43.88,64.74,67.78,73.65,82.12,13872,,,,,0,0,,5,25.49,7350021,237097,47.68,12553,494014,15936,843.75,14.88
May 2024,Baner,27,21,6,27,21,171117,161106,5197,249.39,10011,323,5.85,6122112,197487,38.00,62.37,60.92,67.02,77.18,11217,1,,,,1,0.62,,7,25.61,6734315,217236,41.80,10425,399447,12885,618.34,16.86
May 2024,Wagholi,62,58,4,62,58,407086,388747,12540,215.85,18339,592,4.50,20302484,654919,52.23,60.89,85.78,92.02,93.70,35069,,,1,,1,0.26,,8,23.38,21779723,702572,56.03,12093,1248883,40287,693.44,17.44
May 2024,System Total,895,748,147,895,748,6164598,5433576,175277,234.29,731022,23581,11.86,247395420,7980497,45.53,65.39,69.63,75.56,83.59,447635,1,0,1,0,2,0.04,16,162,24.55,268482950,8660740,49.41,11577,15941187,514232,687.37,16.84
Oct 2024,Swargate,18,18,0,18,18,113367,107455,3466,194.84,5912,191,5.22,4410190,142264,41.04,62.04,66.15,72.28,98.84,7165,,,,,0,0,,1,25.95,4818518,155436,44.84,8737,258839,8350,469.34,18.62
Oct 2024,N.T.Wadi,100,74,26,100,74,763750,577043,18614,250.18,186707,6023,24.45,22234993,717258,38.53,70.34,54.78,60.18,74.40,33816,,,,,0,0,,22,27.96,24427758,787992,42.33,10591,1221564,39405,529.62,20.00
Oct 2024,Kothrud,72,63,9,72,63,445548,405575,13083,208.58,39973,1289,8.97,16210031,522904,39.97,58.73,68.06,74.53,87.12,37371,,,,,0,0,,9,26.53,17751214,572620,43.77,9129,1349969,43547,694.25,13.15
Oct 2024,Katraj,117,95,22,117,95,733524,614795,19832,208.51,118729,3830,16.19,27547223,888620,44.81,69.26,64.69,70.18,81.29,59985,,,,,0,0,,22,17.63,29883444,963982,48.61,10135,2166895,69900,734.91,13.79
Oct 2024,Hadapsar,25,17,8,25,17,193279,154839,4995,295.21,38440,1240,19.89,5959476,192241,38.49,61.42,62.67,68.85,67.68,11117,,,,,0,0,,3,30.60,6547864,211221,42.29,12484,401589,12954,765.66,16.30
Oct 2024,Upper Depot,66,57,9,66,57,418379,374867,12092,213.24,43512,1404,10.40,16691781,538445,44.53,76.40,58.28,63.26,85.92,36451,,,,,0,0,,20,29.96,18116276,584396,48.33,10305,1316762,42476,749.01,13.76
Oct 2024,Pune Station,80,73,7,80,73,582301,534030,17227,235.10,48271,1557,8.29,21157015,682484,39.62,61.02,64.93,71.16,91.59,37289,,,,,0,0,,14,23.60,23186328,747946,43.42,10207,1347007,43452,593.00,17.21
Oct 2024,Nigadi,105,86,19,105,86,792478,668918,21578,249.97,123560,3986,15.59,26111013,842291,39.03,64.56,60.46,67.32,82.21,50038,,,,,0,0,,16,25.44,29072611,937826,43.46,10864,1807542,58308,675.46,16.08
Oct 2024,Bhosari,55,43,12,55,43,386409,342543,11050,257.84,43866,1415,11.35,12504897,403384,36.51,64.85,56.29,62.15,77.92,23981,,,,,0,0,,11,27.77,13806560,445373,40.31,10393,866274,27944,652.07,15.94
Oct 2024,Pimpri,59,49,10,59,49,398304,331857,10705,219.77,66446,2143,16.68,11608872,374480,34.98,70.17,49.85,55.27,82.56,25008,,,,,0,0,,15,20.61,12869929,415159,38.78,8523,903365,29141,598.25,14.25
Oct 2024,Bhekrai Nagar,63,60,3,63,60,450101,415599,13406,224.65,34503,1113,7.67,18346504,591823,44.14,59.82,73.79,80.15,94.73,34442,,,,,0,0,,6,24.08,19925779,642767,47.94,10771,1244156,40134,672.52,16.02
Oct 2024,Shewalwadi,28,24,4,28,24,184168,168215,5426,228.71,15953,515,8.66,6795301,219203,40.40,58.18,69.43,75.96,84.74,15539,,,,,0,0,,3,26.72,7434516,239823,44.20,10108,561324,18107,763.19,13.24
Oct 2024,Balewadi,24,18,6,24,18,169638,152987,4935,270.77,16651,537,9.82,5714760,184347,37.35,64.50,57.92,63.81,75.94,12678,,,,,0,0,,6,24.50,6296111,203100,41.15,11144,457960,14773,810.55,13.75
Oct 2024,Baner,28,20,8,28,20,173419,155333,5011,253.19,18086,583,10.43,4786415,154400,30.81,62.35,49.42,55.52,70.68,9682,,,,,0,0,,8,25.19,5376680,173441,34.61,8764,349762,11283,570.11,15.37
Oct 2024,Wagholi,61,58,3,61,58,410564,384441,12401,213.52,26123,843,6.36,17654708,569507,45.92,60.89,75.42,81.67,95.21,33079,,,,,0,0,,8,23.38,19115584,616632,49.72,10617,1194933,38546,663.67,16.00
Oct 2024,System Total,901,754,147,901,754,6215227,5388495,173822,230.44,826732,26669,13.30,217733179,7023651,40.41,64.30,62.84,68.87,83.72,427640,0,0,0,0,0,0.00,34,164,24.82,238629172,7697715,44.28,10205,15447939,498321,660.62,15.45
Sep 2024,Swargate,18,17,1,18,17,109710,102891,3430,199.21,6819,227,6.22,4555625,151854,44.28,62.04,71.36,77.49,95.65,7690,,,,,0,0,,1,25.95,4946612,164887,48.08,9577,273817,9127,530.14,18.07
Sep 2024,N.T.Wadi,100,71,29,100,71,739191,552031,18401,258.80,187160,6239,25.32,23418413,780614,42.42,70.34,60.31,65.71,71.10,37828,,,,,0,0,,22,27.96,25516131,850538,46.22,11963,1346952,44898,631.48,18.94
Sep 2024,Kothrud,71,60,11,71,60,423915,374970,12499,207.05,48945,1631,11.55,16700932,556698,44.54,59.42,74.96,81.36,85.02,38930,,,,,0,0,,8,26.07,18125818,604194,48.34,10009,1386214,46207,765.44,13.08
Sep 2024,Katraj,117,95,22,117,95,712742,575946,19198,201.06,136796,4560,19.19,28495501,949850,49.48,66.69,74.19,79.89,81.61,62920,1,,,,1,0.17,,21,18.54,30684096,1022803,53.28,10712,2240434,74681,782.14,13.70
Sep 2024,Hadapsar,25,16,9,25,16,187044,143516,4784,295.91,43528,1451,23.27,6098477,203283,42.49,61.42,69.19,75.38,64.67,11186,,,,,0,0,,3,30.60,6643838,221461,46.29,13699,398313,13277,821.26,16.68
Sep 2024,Upper Depot,66,55,11,66,55,404343,342070,11402,205.69,62273,2076,15.40,15845428,528181,46.32,74.47,62.20,67.31,83.99,34937,,,,,0,0,,20,30.19,17145295,571510,50.12,10310,1244027,41468,748.06,13.78
Sep 2024,Pune Station,80,74,6,80,74,568467,519441,17315,232.52,49026,1634,8.62,23315446,777182,44.89,61.02,73.56,79.79,93.08,41701,,,,,0,0,,14,23.60,25289321,842977,48.69,11320,1484882,49496,664.67,17.03
Sep 2024,Nigadi,104,87,17,104,87,761178,639896,21330,244.24,121282,4043,15.93,28645195,954840,44.77,64.56,69.34,76.19,83.97,55241,,,,,0,0,,16,25.44,31475077,1049169,49.19,12013,1966984,65566,750.76,16.00
Sep 2024,Bhosari,53,40,13,53,40,355464,306185,10206,253.36,49279,1643,13.86,12655381,421846,41.33,65.51,63.09,68.89,76.01,25071,,,,,0,0,,10,25.81,13818884,460629,45.13,11435,892724,29757,738.70,15.48
Sep 2024,Pimpri,59,48,11,59,48,385455,319035,10634,222.01,66420,2214,17.23,12371711,412390,38.78,70.17,55.26,60.68,81.19,26417,,,,,0,0,,15,20.61,13584043,452801,42.58,9453,940646,31355,654.59,14.44
Sep 2024,Bhekrai Nagar,63,60,4,63,60,435582,398393,13280,223.19,37189,1240,8.54,18893665,629789,47.42,59.82,79.28,85.63,94.44,36855,,,,,0,0,,6,24.08,20407559,680252,51.22,11433,1312323,43744,735.20,15.55
Sep 2024,Shewalwadi,28,23,5,28,23,178227,160620,5354,229.13,17607,587,9.88,7026202,234207,43.74,58.18,75.19,81.72,83.45,16460,,,,,0,0,,3,26.72,7636557,254552,47.54,10894,586091,19536,836.08,13.03
Sep 2024,Balewadi,24,18,6,24,18,169824,144502,4817,265.63,25322,844,14.91,5971078,199036,41.32,59.63,69.30,75.67,75.56,13397,,,,,0,0,,6,25.64,6520186,217340,45.12,11986,477031,15901,876.89,13.67
Sep 2024,Baner,28,20,8,28,20,167825,147763,4925,252.16,20062,669,11.95,5123392,170780,34.67,62.35,55.61,61.71,69.76,10535,,,,,0,0,,8,25.19,5684891,189496,38.47,9701,375128,12504,640.15,15.15
Sep 2024,Wagholi,61,58,3,61,58,388572,370204,12340,212.27,18368,612,4.73,19092732,636424,51.57,60.89,84.71,90.95,95.30,35939,,,,,0,0,,8,23.38,20499507,683317,55.37,11754,1279684,42656,733.76,16.02
Sep 2024,System Total,897,744,153,897,744,5987538,5097463,169915,228.25,890075,29669,14.87,228209178,7606973,44.77,63.77,70.21,76.29,82.99,455107,1,0,0,0,1,0.02,32,161,24.88,247977815,8265927,48.65,11104,16205251,540175,725.64,15.30
Apr 2025,Swargate,18,18,0,18,18,109710,105155,3505,194.73,4555,152,4.15,4425830,147528,42.09,62.04,67.84,73.61,100.00,7135,,,,,0,0,,1,25.95,4802284,160076,45.67,8893,248048,8268,459.35,19.36
Apr 2025,N.T.Wadi,32,24,8,32,24,239916,181836,6061,252.55,58080,1936,24.21,7083480,236116,38.96,69.04,56.43,61.61,75.00,10324,,,,,0,0,,8,19.65,7734453,257815,42.54,10742,358873,11962,498.43,21.55
Apr 2025,Kothrud,60,52,8,60,52,346101,319172,10639,204.60,26929,898,7.78,10498791,349960,32.89,59.52,55.26,61.28,86.67,26295,,,,,0,0,,7,24.71,11641427,388048,36.47,7462,914088,30470,585.95,12.74
Apr 2025,Katraj,127,105,22,127,105,756806,650283,21676,206.44,106523,3551,14.08,25230224,841007,38.80,67.61,57.38,62.68,82.68,59033,,,,,0,0,,21,18.05,27558237,918608,42.38,8749,2052126,68404,651.47,13.43
Apr 2025,Hadapsar,24,11,13,24,11,180078,96608,3220,292.75,83470,2782,46.35,3359695,111990,34.78,56.47,61.59,67.93,45.83,6139,,,,,0,0,,2,36.23,3705552,123518,38.36,11229,213410,7114,646.70,17.36
Apr 2025,Upper Depot,66,56,10,66,56,404883,344778,11493,205.23,60105,2003,14.84,14651874,488396,42.50,76.40,55.62,60.31,84.85,31549,,,,,0,0,,20,29.96,15886180,529539,46.08,9456,1096732,36558,652.82,14.49
Apr 2025,Pune Station,69,63,6,69,63,484953,454183,15139,240.31,30770,1026,6.35,16735349,557845,36.85,61.30,60.11,65.95,91.30,29547,,,,,0,0,,12,25.15,18361323,612044,40.43,9715,1027117,34237,543.45,17.88
Apr 2025,Nigadi,105,87,18,105,87,766914,660805,22027,253.18,106109,3537,13.84,21880646,729355,33.11,64.56,51.29,58.01,82.86,42401,,,,,0,0,,16,25.44,24750242,825008,37.45,9483,1473970,49132,564.74,16.79
Apr 2025,Bhosari,55,43,12,55,43,372792,333742,11125,258.71,39050,1302,10.47,10724871,357496,32.14,64.85,49.55,55.07,78.18,21243,,,,,0,0,,11,27.77,11919668,397322,35.72,9240,738473,24616,572.46,16.14
Apr 2025,Pimpri,60,45,15,60,45,388830,301649,10055,223.44,87181,2906,22.42,9060765,302026,30.04,70.09,42.86,47.97,75.00,20185,,,,,0,0,,16,20.79,10140668,338022,33.62,7512,701691,23390,519.77,14.45
Apr 2025,Bhekrai Nagar,48,40,8,48,40,351078,277725,9258,231.44,73353,2445,20.89,11197325,373244,40.32,55.78,72.29,78.71,83.33,19210,,,,,0,0,,4,29.35,12191582,406386,43.90,10160,667788,22260,556.49,18.26
Apr 2025,Shewalwadi,39,22,17,39,22,259083,152076,5069,230.42,107007,3567,41.30,5425730,180858,35.68,58.18,61.32,67.48,56.41,15016,,,,,0,0,,3,26.72,5970162,199005,39.26,9046,521993,17400,790.90,11.44
Apr 2025,Balewadi,23,19,4,23,19,150897,150242,5008,263.58,655,22,0.43,5124872,170829,34.11,66.12,51.59,57.00,82.61,12620,,,,,0,0,,6,21.82,5662738,188758,37.69,9935,438708,14624,769.66,12.91
Apr 2025,Baner,28,19,9,28,19,162150,156702,5223,274.92,5448,182,3.36,4273355,142445,27.27,62.35,43.74,49.48,67.86,8943,,,,,0,0,,8,25.19,4834348,161145,30.85,8481,310884,10363,545.41,15.55
Apr 2025,Wagholi,53,53,0,53,53,342426,325769,10859,204.89,16657,555,4.86,13520146,450672,41.50,61.53,67.45,73.27,100.00,25680,,,,,0,0,,7,22.64,14686399,489547,45.08,9237,892688,29756,561.44,16.45
Apr 2025,System Total,807,657,150,807,657,5316617,4510725,150358,228.85,805891,26863,15.16,163192953,5439765,36.18,63.72,56.78,62.57,81.41,335320,0,0,0,0,0,0.00,17,142,24.24,179845264,5994842,39.87,9125,11656589,388553,591.40,15.43
Dec 2025,Swargate,19,19,0,19,19,119815,116581,3761,197.93,3234,104,2.70,6771860,218447,58.09,97.41,59.63,66.17,100.00,6712,,,,,0,0,,2,25.98,7514481,242403,64.46,12758,262207,8458,445.17,28.66
Dec 2025,N.T.Wadi,31,29,2,31,29,236958,229901,7416,255.73,7057,228,2.98,11925202,384684,51.87,108.69,47.72,53.58,93.55,10835,,,,,0,0,,6,20.17,13389668,431925,58.24,14894,423268,13654,470.82,31.63
Dec 2025,Kothrud,61,53,8,61,53,376734,331953,10708,202.04,44781,1445,11.89,12641235,407782,38.08,92.88,41.00,47.86,86.89,21918,,,,,0,0,,8,26.53,14755772,475993,44.45,8981,856233,27620,521.14,17.23
Dec 2025,Katraj,123,115,8,123,115,752353,672494,21693,188.64,79859,2576,10.61,33772087,1089422,50.22,101.62,49.42,55.69,93.50,48663,,,,,0,0,,20,17.64,38055874,1227609,56.59,10675,1901078,61325,533.26,20.02
Dec 2025,Hadapsar,33,27,6,33,27,246838,211382,6819,252.55,35455,1144,14.36,9954020,321097,47.09,92.68,50.81,57.68,81.82,11191,,,,,0,0,,3,35.05,11300524,364533,53.46,13501,437203,14103,522.35,25.85
Dec 2025,Upper Depot,66,54,12,66,54,419557,325922,10514,194.70,93635,3020,22.32,15733040,507517,48.27,99.92,48.31,54.69,81.82,21543,,,,,0,0,,20,30.21,17809161,574489,54.64,10639,841603,27148,502.75,21.16
Dec 2025,Pune Station,53,51,2,53,51,390045,380538,12275,240.69,9507,307,2.44,16844155,543360,44.26,102.45,43.21,49.42,96.23,19602,,,,,0,0,,12,26.14,19268185,621554,50.63,12187,765791,24703,484.37,25.16
Dec 2025,Nigadi,125,115,10,125,115,884549,798431,25756,223.96,86118,2778,9.74,30351190,979071,38.01,106.72,35.62,40.77,92.00,37002,,,,,0,0,,21,22.85,34740187,1120651,43.51,9745,1445513,46629,405.47,24.03
Dec 2025,Bhosari,62,60,2,62,60,451775,407945,13160,219.33,43831,1414,9.70,13639700,439990,33.44,97.96,34.13,40.63,96.77,19494,,,,,0,0,,15,27.00,16238308,523816,39.81,8730,761565,24567,409.44,21.32
Dec 2025,Pimpri,62,58,4,62,58,408193,353238,11395,196.46,54954,1773,13.46,15136265,488267,42.85,101.46,42.23,48.51,93.55,19482,,,,,0,0,,18,20.63,17386393,560851,49.22,9670,761102,24552,423.30,22.84
Dec 2025,Bhekrai Nagar,32,37,-5,32,37,255973,244491,7887,213.16,11482,370,4.49,11699030,377388,47.85,98.36,48.65,55.13,115.63,11545,,,,,0,0,,4,29.35,13256437,427627,54.22,11557,451012,14549,393.21,29.39
Dec 2025,Shewalwadi,41,41,0,41,41,289463,278004,8968,218.73,11458,370,3.96,12582695,405893,45.26,93.85,48.23,55.02,100.00,17152,,,,,0,0,,4,32.79,14353581,463019,51.63,11293,670068,21615,527.20,21.42
Dec 2025,Balewadi,29,28,1,29,28,207419,205434,6627,236.68,1985,64,0.96,8382102,270390,40.80,104.96,38.87,44.94,96.55,12998,,,,,0,0,,7,23.61,9690717,312604,47.17,11164,507797,16381,585.02,19.08
Dec 2025,Baner,22,17,5,22,17,129803,123509,3984,234.36,6294,203,4.85,3931846,126834,31.83,101.41,31.39,37.67,77.27,5459,,,,,0,0,,5,27.40,4718598,152213,38.20,8954,213278,6880,404.70,22.12
Dec 2025,Wagholi,46,44,2,46,44,300864,296293,9558,217.22,4571,147,1.52,14664975,473064,49.49,95.27,51.95,58.64,95.65,17877,,,,,0,0,,7,26.43,16552361,533947,55.86,12135,698386,22529,512.01,23.70
Dec 2025,Charholi,34,33,1,34,33,216696,210371,6786,205.64,6325,204,2.92,9615760,310186,45.71,104.09,43.91,46.20,97.06,10974,,,,,0,0,,4,23.55,10116443,326337,48.09,9889,428708,13829,419.07,23.60
Dec 2025,Maan,14,14,0,14,14,114049,108394,3497,249.76,5655,182,4.96,5153650,166247,47.55,104.28,45.60,51.70,100.00,5454,,,,,0,0,,3,29.43,5844120,188520,53.92,13466,213085,6874,490.98,27.43
Dec 2025,System Total,853,795,58,853,795,5801084,5294880,170803,214.85,506204,16329,8.73,232798812,7509639,43.97,100.23,43.86,49.93,93.20,297903,0,0,0,0,0,0.00,9,159,24.75,264990810,8548091,50.05,10752,11637897,375416,472.22,22.77
Jun 2025,Swargate,18,18,0,18,18,109710,105076,3503,196.22,4634,154,4.22,7722455,257415,73.49,106.36,69.10,72.47,99.17,7491,,,,,0,0,,1,25.95,8098629,269954,77.07,15123,265620,8854,496.02,30.49
Jun 2025,N.T.Wadi,30,27,3,30,27,224544,198640,6621,246.60,25904,863,11.54,11185821,372861,56.31,107.85,52.21,55.53,89.50,11725,,,,,0,0,,7,19.84,11896952,396565,59.89,14770,415738,13858,516.12,28.62
Jun 2025,Kothrud,61,51,10,61,51,354981,314920,10497,203.90,40061,1335,11.29,13574645,452488,43.11,93.98,45.87,49.68,84.40,24302,,,,,0,0,,8,26.28,14702060,490069,46.69,9519,861692,28723,557.91,17.06
Jun 2025,Katraj,127,109,18,127,109,760478,673848,22462,206.48,86630,2888,11.39,37522237,1250741,55.68,100.07,55.64,59.22,85.66,55512,,,,,0,0,,20,18.09,39934613,1331154,59.26,12237,1968332,65611,603.14,20.29
Jun 2025,Hadapsar,21,17,4,21,17,160197,126449,4215,253.15,33748,1125,21.07,6125891,204196,48.45,80.80,59.96,64.39,79.29,8209,,,,,0,0,,1,39.85,6578579,219286,52.03,13170,291071,9702,582.72,22.60
Jun 2025,Upper Depot,67,54,13,67,54,408381,329602,10987,204.28,78779,2626,19.29,18696606,623220,56.72,105.74,53.65,57.03,80.27,25467,,,,,0,0,,21,28.84,19876582,662553,60.30,12319,902986,30100,559.64,22.01
Jun 2025,Pune Station,53,47,6,53,47,375477,334062,11135,236.09,41415,1380,11.03,17620995,587367,52.75,103.35,51.04,54.50,88.99,19077,,,,,0,0,,11,25.33,18816937,627231,56.33,13298,676421,22547,478.04,27.82
Jun 2025,Nigadi,121,101,20,121,101,877725,729928,24331,241.14,147797,4927,16.84,31842337,1061411,43.62,104.51,41.74,45.84,83.39,40488,,,,,0,0,,19,24.03,34966126,1165538,47.90,11551,1435624,47854,474.27,24.36
Jun 2025,Bhosari,55,40,15,55,40,372792,297821,9927,250.06,74971,2499,20.11,14212801,473760,47.72,96.67,49.37,53.07,72.18,19196,,,,,0,0,,11,27.77,15279000,509300,51.30,12829,680663,22689,571.51,22.45
Jun 2025,Pimpri,60,40,20,60,40,388830,279441,9315,231.33,109389,3646,28.13,11735016,391167,41.99,102.28,41.06,44.56,67.11,17281,,,,,0,0,,16,20.79,12735415,424514,45.57,10543,612743,20425,507.24,20.78
Jun 2025,Bhekrai Nagar,54,41,13,54,41,384015,279839,9328,228.16,104176,3473,27.13,16218357,540612,57.96,98.44,58.87,62.51,75.71,16732,,,,,0,0,,5,30.00,17220181,574006,61.54,14040,593285,19776,483.72,29.03
Jun 2025,Shewalwadi,39,36,3,39,36,259083,226961,7565,211.62,32122,1071,12.40,12174476,405816,53.64,98.07,54.70,58.35,91.67,17013,,,,,0,0,,3,26.72,12986995,432900,57.22,12109,603260,20109,562.48,21.53
Jun 2025,Balewadi,23,20,3,23,20,151815,145570,4852,247.99,6245,208,4.11,6830841,227695,46.92,102.84,45.63,49.11,85.07,11323,,,,,0,0,,6,22.24,7351982,245066,50.50,12525,401501,13383,683.99,18.31
Jun 2025,Baner,28,18,10,28,18,162006,144057,4802,264.08,17949,598,11.08,5409375,180313,37.55,102.59,36.60,40.09,64.94,7795,,,,,0,0,,7,25.06,5925099,197503,41.13,10862,276395,9213,506.68,21.44
Jun 2025,Wagholi,44,41,3,44,41,290046,269328,8978,220.22,20718,691,7.14,16031160,534372,59.52,98.56,60.39,64.03,92.65,19222,,,,,0,0,,6,22.72,16995354,566512,63.10,13896,681576,22719,557.30,24.94
Jun 2025,Charholi,34,27,7,34,27,240441,185015,6167,225.08,55426,1848,23.05,9751731,325058,52.71,104.09,50.64,54.08,80.59,9503,1,,,,1,0.54,,4,23.55,10414085,347136,56.29,12669,336946,11232,409.91,30.91
Jun 2025,Maan,11,11,0,11,11,76848,68978,2299,209.02,7870,262,10.24,4429080,147636,64.21,105.83,60.67,64.06,100.00,4543,,,,,0,0,,2,26.00,4676021,155867,67.79,14170,161090,5370,488.15,29.03
Jun 2025,System Total,846,697,149,846,697,5597369,4709536,156985,225.23,887832,29594,15.86,241083824,8036127,51.19,100.71,50.83,54.49,82.39,314880,1,0,0,0,1,0.02,23,148,24.17,258454610,8615154,54.88,12361,11164942,372165,533.97,23.15
May 2025,Swargate,18,18,0,18,18,113367,108484,3616,200.90,4883,163,4.31,4933350,164445,45.48,62.04,73.30,79.07,100.00,7334,,,,,0,0,,1,25.95,5321722,177391,49.06,9855,260851,8695,483.06,20.40
May 2025,N.T.Wadi,32,27,5,32,27,247913,213088,7103,263.07,34825,1161,14.05,7789790,259660,36.56,69.04,52.95,58.14,84.38,11842,,,,,0,0,,8,19.65,8552646,285088,40.14,10559,421189,14040,519.99,20.31
May 2025,Kothrud,60,52,8,60,52,357638,332532,11084,213.16,25106,837,7.02,9831893,327730,29.57,59.52,49.67,55.69,86.67,23685,,,,,0,0,,7,24.71,11022357,367412,33.15,7066,842442,28081,540.03,13.08
May 2025,Katraj,127,101,26,127,101,785827,639816,21327,211.16,146011,4867,18.58,25293575,843119,39.53,67.07,58.94,64.28,79.53,58701,,,,,0,0,,20,18.09,27584116,919471,43.11,9104,2087895,69596,689.07,13.21
May 2025,Hadapsar,27,15,12,27,15,208317,130390,4346,289.75,77927,2598,37.41,4700340,156678,36.05,56.47,63.84,70.18,55.56,8505,,,,,0,0,,2,36.23,5167134,172238,39.63,11483,302515,10084,672.25,17.08
May 2025,Upper Depot,67,55,12,67,55,421746,353900,11797,214.48,67846,2262,16.09,14645185,488173,41.38,77.82,53.18,57.78,82.09,29784,,,,,0,0,,21,28.84,15912146,530405,44.96,9644,1059366,35312,642.04,15.02
May 2025,Pune Station,53,46,7,53,46,383306,346569,11552,251.14,36737,1225,9.58,12029259,400975,34.71,60.51,57.36,63.28,86.79,20060,,,,,0,0,,11,25.33,13269975,442332,38.29,9616,713479,23783,517.01,18.60
May 2025,Nigadi,113,94,19,113,94,854276,715360,23845,253.67,138916,4631,16.26,21833967,727799,30.52,64.92,47.01,53.64,83.19,40701,,,,,0,0,,18,24.84,24912022,830401,34.82,8834,1447670,48256,513.36,17.21
May 2025,Bhosari,55,42,13,55,42,385218,336570,11219,267.12,48648,1622,12.63,10607631,353588,31.52,64.85,48.60,54.12,76.36,20223,,,,,0,0,,11,27.77,11812552,393752,35.10,9375,719301,23977,570.87,16.42
May 2025,Pimpri,59,41,18,59,41,397620,304743,10158,247.76,92877,3096,23.36,9029780,300993,29.63,71.07,41.69,46.73,69.49,18230,,,,,0,0,,15,20.51,10120761,337359,33.21,8228,648401,21613,527.16,15.61
May 2025,Bhekrai Nagar,56,46,10,56,46,431917,305460,10182,221.35,126457,4215,29.28,10791640,359721,35.33,55.91,63.19,69.59,82.14,18259,,,,,0,0,,5,30.00,11885185,396173,38.91,8612,649452,21648,470.62,18.30
May 2025,Shewalwadi,39,34,5,39,34,267719,240389,8013,235.68,27330,911,10.21,7832066,261069,32.58,58.18,56.00,62.15,87.18,17736,,,,,0,0,,3,26.72,8692659,289755,36.16,8522,630848,21028,618.48,13.78
May 2025,Balewadi,23,19,4,23,19,155927,150157,5005,263.43,5770,192,3.70,5028100,167603,33.49,66.12,50.64,56.06,82.61,11289,,,,,0,0,,6,21.82,5565662,185522,37.07,9764,401523,13384,704.43,13.86
May 2025,Baner,33,19,14,33,19,192930,157912,5264,277.04,35018,1167,18.15,3835365,127846,24.29,62.56,38.82,44.54,57.58,7778,,,,,0,0,,8,24.21,4400690,146690,27.87,7721,276666,9222,485.38,15.91
May 2025,Wagholi,44,41,3,44,41,299714,280297,9343,227.88,19417,647,6.48,11489346,382978,40.99,61.40,66.76,72.59,93.18,20431,,,,,0,0,,6,22.72,12492809,416427,44.57,10157,726691,24223,590.81,17.19
May 2025,Charholi,32,22,10,32,22,235395,147421,4914,223.37,87974,2932,37.37,5194407,173147,35.24,67.32,52.34,57.66,68.75,9250,,,,,0,0,,4,23.55,5722176,190739,38.82,8670,329010,10967,498.50,17.39
May 2025,Maan,11,10,1,11,10,79410,72984,2433,243.28,6426,214,8.09,2855260,95175,39.12,61.95,63.15,68.93,90.91,4467,,,,,0,0,,2,26.00,3116543,103885,42.70,10388,158884,5296,529.61,19.62
May 2025,System Total,849,682,167,849,682,5818240,4836071,161202,236.37,982168,32739,16.88,167720954,5590698,34.68,63.93,54.25,60.02,80.33,328277,0,0,0,0,0,0.00,20,148,24.14,185551154,6185038,38.37,9069,11676180,389206,570.68,15.89
Nov 2025,Swargate,19,19,0,19,19,115950,104281,3476,182.95,11669,389,10.06,6934925,231164,66.50,97.41,68.27,74.81,100.00,7140,,,,,0,0,,2,25.98,7599197,253307,72.87,13332,267062,8902,468.53,28.45
Nov 2025,N.T.Wadi,31,30,1,31,30,229314,211580,7053,235.09,17734,591,7.73,11601274,386709,54.83,108.69,50.45,56.31,96.77,11587,,,,,0,0,,6,20.17,12949040,431635,61.20,14388,433359,14445,481.51,29.88
Nov 2025,Kothrud,61,52,9,61,52,364581,315012,10500,201.93,49569,1652,13.60,12794706,426490,40.62,92.88,43.73,50.59,85.25,22952,,,,,0,0,,8,26.53,14801331,493378,46.99,9488,858449,28615,550.29,17.24
Nov 2025,Katraj,123,109,14,123,109,728084,601383,20046,183.91,126701,4223,17.40,32528253,1084275,54.09,101.62,53.23,59.50,88.62,48700,1,,,,1,0.17,,20,17.64,36359063,1211969,60.46,11119,1821438,60715,557.01,19.96
Nov 2025,Hadapsar,33,26,7,33,26,238875,196315,6544,251.69,42560,1419,17.82,9720419,324014,49.51,92.68,53.42,60.30,78.79,11092,,,,,0,0,,3,35.05,10970943,365698,55.88,14065,414838,13828,531.84,26.45
Nov 2025,Upper Depot,66,51,15,66,51,406023,287637,9588,188.00,118386,3946,29.16,14923141,497438,51.88,99.92,51.92,58.30,77.27,20915,,,,,0,0,,20,30.21,16755388,558513,58.25,10951,782258,26075,511.28,21.42
Nov 2025,Pune Station,53,51,2,53,51,377463,354766,11826,231.87,22697,757,6.01,16466185,548873,46.41,102.45,45.31,51.52,96.23,19106,,,,,0,0,,12,26.14,18726047,624202,52.78,12239,714592,23820,467.05,26.21
Nov 2025,Nigadi,123,113,10,123,113,845936,736798,24560,217.34,109138,3638,12.90,28881060,962702,39.20,104.55,37.49,42.76,91.87,36395,,,,,0,0,,20,23.70,32937650,1097922,44.70,9716,1361234,45374,401.54,24.20
Nov 2025,Bhosari,62,60,2,62,60,437202,392921,13097,218.29,44281,1476,10.13,13922163,464072,35.43,97.96,36.17,42.67,96.77,20349,,,,,0,0,,15,27.00,16425069,547502,41.80,9125,761064,25369,422.81,21.58
Nov 2025,Pimpri,62,60,2,62,60,395025,342619,11421,190.34,52406,1747,13.27,15260305,508677,44.54,101.46,43.90,50.18,96.77,20070,,,,,0,0,,18,20.63,17442787,581426,50.91,9690,750627,25021,417.02,23.24
Nov 2025,Bhekrai Nagar,32,37,-5,32,37,247716,229567,7652,206.82,18149,605,7.33,11380811,379360,49.58,98.36,50.40,56.88,115.63,11761,,,,,0,0,,4,29.35,12843155,428105,55.95,11570,439880,14663,396.29,29.20
Nov 2025,Shewalwadi,41,41,0,41,41,280125,261084,8703,212.26,19041,635,6.80,12564694,418823,48.13,93.85,51.28,58.07,100.00,17537,,,,,0,0,,4,32.79,14227798,474260,54.50,11567,655901,21863,533.25,21.69
Nov 2025,Balewadi,29,27,2,29,27,199859,199737,6658,246.59,122,4,0.06,8509988,283666,42.61,98.72,43.16,49.61,93.10,13990,,,,,0,0,,7,22.97,9782313,326077,48.98,12077,523238,17441,645.97,18.70
Nov 2025,Baner,22,17,5,22,17,125571,120537,4018,236.35,5034,168,4.01,4163210,138774,34.54,101.41,34.06,40.34,77.27,6150,,,,,0,0,,5,27.40,4931031,164368,40.91,9669,230026,7668,451.03,21.44
Nov 2025,Wagholi,46,45,1,46,45,297513,291016,9701,215.57,6497,217,2.18,14941861,498062,51.34,95.27,53.89,60.58,97.83,18716,,,,,0,0,,7,26.43,16795633,559854,57.71,12441,700013,23334,518.53,23.99
Nov 2025,Charholi,34,33,1,34,33,209706,205439,6848,207.51,4267,142,2.03,10034380,334479,48.84,104.09,46.93,49.21,97.06,11716,,,,,0,0,,4,23.55,10523324,350777,51.22,10630,438188,14606,442.61,24.02
Nov 2025,Maan,14,14,0,14,14,110370,101198,3373,240.95,9172,306,8.31,5082756,169425,50.23,104.28,48.17,54.27,100.00,5276,,,,,0,0,,3,29.43,5727387,190913,56.60,13637,197312,6577,469.79,29.03
Nov 2025,System Total,851,785,66,851,785,5609312,4951890,165063,210.27,657421,21914,11.72,229710131,7657004,46.39,99.74,46.51,52.60,92.24,303451,1,0,0,0,1,0.02,26,158,24.84,259797156,8659905,52.46,11032,11349479,378316,481.93,22.89
Oct 2025,Swargate,18,18,0,18,18,113367,109492,3532,196.22,3875,125,3.42,6496425,209562,59.33,106.36,55.79,60.64,100.00,6246,,,,,0,0,,1,25.95,7061402,227787,64.49,12655,239123,7714,428.54,29.53
Oct 2025,N.T.Wadi,32,31,1,32,31,242612,224616,7246,233.73,17996,581,7.42,11167333,360237,49.72,107.85,46.10,50.88,96.88,10783,,,,,0,0,,7,19.84,12326353,397624,54.88,12827,412808,13316,429.56,29.86
Oct 2025,Kothrud,61,53,8,61,53,376734,324630,10472,197.58,52104,1681,13.83,12228721,394475,37.67,92.88,40.56,46.12,86.89,20765,,,,,0,0,,8,26.53,13903811,448510,42.83,8462,794937,25643,483.83,17.49
Oct 2025,Katraj,123,109,14,123,109,753543,627730,20249,185.77,125813,4058,16.70,32478115,1047681,51.74,101.62,50.92,55.99,88.62,46867,1,,,,1,0.16,,20,17.64,35717202,1152168,56.90,10570,1794208,57878,530.99,19.91
Oct 2025,Hadapsar,33,27,6,33,27,256975,212255,6847,253.59,44720,1443,17.40,9595111,309520,45.21,92.68,48.77,54.34,81.82,10652,,,,,0,0,,3,35.05,10690345,344850,50.37,12772,407783,13154,487.20,26.22
Oct 2025,Upper Depot,67,53,14,67,53,422924,306680,9893,186.66,116244,3750,27.49,15516690,500538,50.60,105.27,48.06,52.96,79.10,21133,,,,,0,0,,21,29.08,17099156,551586,55.76,10407,809035,26098,492.41,21.14
Oct 2025,Pune Station,53,52,1,53,52,389004,369403,11916,229.16,19600,632,5.04,16872483,544274,45.67,102.62,44.51,49.54,98.11,17740,,,,,0,0,,12,26.08,18778605,605761,50.83,11649,679132,21907,421.30,27.65
Oct 2025,Nigadi,117,110,7,117,110,854492,767329,24753,225.02,87163,2812,10.20,28815421,929530,37.55,104.51,35.93,40.70,94.02,34956,,,,,0,0,,19,24.03,32640291,1052913,42.54,9572,1338230,43169,392.44,24.39
Oct 2025,Bhosari,55,49,6,55,49,402306,355817,11478,234.24,46488,1500,11.56,13123440,423337,36.88,97.96,37.65,42.92,89.09,17463,,,,,0,0,,12,27.50,14959457,482563,42.04,9848,668535,21566,440.12,22.38
Oct 2025,Pimpri,62,55,7,62,55,406788,342398,11045,200.82,64390,2077,15.83,14228656,458989,41.56,101.46,40.96,46.04,88.71,18002,,,,,0,0,,18,20.63,15995432,515982,46.72,9381,689175,22231,404.21,23.21
Oct 2025,Bhekrai Nagar,36,36,0,36,36,272192,234243,7556,209.90,37949,1224,13.94,11836770,381831,50.53,98.36,51.38,56.62,100.00,11504,,,,,0,0,,4,29.35,13045464,420821,55.69,11689,440399,14206,394.62,29.62
Oct 2025,Shewalwadi,41,40,1,41,40,287045,264120,8520,213.00,22925,740,7.99,11866381,382786,44.93,96.81,46.41,51.74,97.56,16197,,,,,0,0,,4,31.16,13229239,426750,50.09,10669,620074,20002,500.06,21.33
Oct 2025,Balewadi,29,27,2,29,27,205299,198189,6393,236.78,7110,229,3.46,7851946,253289,39.62,98.72,40.13,45.36,93.10,12516,,,,,0,0,,7,22.97,8874601,286277,44.78,10603,479156,15457,572.47,18.52
Oct 2025,Baner,22,17,5,22,17,131369,122230,3943,231.94,9139,295,6.96,3949670,127409,32.31,97.91,33.00,38.27,77.27,5754,,,,,0,0,,5,26.22,4580377,147754,37.47,8691,220292,7106,418.01,20.79
Oct 2025,Wagholi,46,44,2,46,44,307430,286412,9239,209.98,21018,678,6.84,14683275,473654,51.27,95.27,53.81,59.23,95.65,18024,,,,,0,0,,7,26.43,16161161,521328,56.43,11848,690027,22259,505.89,23.42
Oct 2025,Charholi,34,32,2,34,32,216696,200912,6481,202.53,15785,509,7.28,9187430,296369,45.73,104.09,43.93,46.22,94.12,10806,,,,,0,0,,4,23.55,9665600,311794,48.11,9744,413680,13345,417.02,23.36
Oct 2025,Maan,12,12,0,12,12,96230,92555,2986,248.80,3675,119,3.82,4851795,156510,52.42,106.10,49.41,54.27,100.00,5062,,,,,0,0,,2,28.15,5329379,171915,57.58,14326,193788,6251,520.93,27.50
Oct 2025,System Total,841,765,76,841,765,5735005,5039011,162549,212.48,695994,22451,12.14,224749662,7249989,44.60,100.62,44.33,49.32,90.96,284468,1,0,0,0,1,0.02,27,154,24.59,250057874,8066383,49.62,10544,10890382,351303,459.22,22.96
