Date,Depot,buses_held,avg_on_road,avg_off_road,schedules_planned,avg_schedules_operated,planned_km,effective_km,daily_avg_effective_km,km_per_bus_per_day,cancelled_km,daily_avg_cancelled_km,pct_cancelled_km,ticket_sale_earning,daily_avg_ticket_earning,earning_per_passenger_ticket,epk_ticket,load_factor_ticket,load_factor_all_traffic,fleet_utilization_pct,total_ticket_passengers,ticket_passengers_per_day,accidents_fatal,accidents_major,accidents_minor,accidents_insignificant,accidents_total,accident_rate_per_lakh_km,electricity_units,electricity_per_day,kmpu,all_traffic_earning,daily_avg_all_traffic,epk_total,earning_per_bus_per_day,total_passengers_travelled,passengers_per_day,avg_passengers_per_bus_per_day,earning_per_passenger_per_day
Jan 2023,Hadapsar,15,15,0,15,15,93000,75553,2437,162.48,17447,563,18.76,3005228,96943,39.78,10.84,65.08,89.73,100.00,277298,8945,0,0,0,0,0,0.00,97355,3140,0.78,4143608,133665,54.84,8911,386830,12478,832,10.71
Jan 2023,Pune Station,90,89,1,90,89,627750,594760,19186,215.57,32990,1064,5.26,20491152,661005,34.45,15.52,56.37,77.72,98.89,1320585,42600,0,0,0,0,0,0.00,722987,23322,0.82,28253201,911394,47.50,10240,1952905,62997,708,14.47
Jan 2023,Nigadi,74,68,6,74,68,505300,465265,15009,220.71,40035,1291,7.92,17712879,571383,38.07,14.64,62.29,85.88,91.89,1209485,39016,0,0,1,0,1,0.21,568545,18340,0.82,24422518,787823,52.49,11586,1723633,55601,818,14.17
Jan 2023,Bhekrai Nagar,103,99,4,100,99,684644,673475,21725,219.44,11170,360,1.63,23147670,746699,34.37,14.24,56.23,60.82,96.12,1626037,52453,0,0,0,0,0,0.00,760535,24533,0.89,25034205,807555,37.17,8157,1868317,60268,609,13.40
Jan 2023,Baner,71,70,1,70,70,434505,431897,13932,199.03,2608,84,0.60,13713100,442358,31.75,14.48,51.95,56.18,98.59,947014,30549,0,0,0,0,0,0.00,566133,18262,0.76,14830718,478410,34.34,6834,1088119,35101,501,13.63
Jan 2023,Wagholi,105,103,2,105,103,697094,672425,21691,210.59,24669,796,3.54,24495605,790181,36.43,16.01,59.60,64.46,98.10,1529914,49352,0,0,0,0,0,0.00,882244,28459,0.76,26491997,854581,39.40,8297,1757871,56706,551,15.07
Jan 2023,System Total,458,444,14,454,444,3042294,2913374,93980,211.67,128919,4159,4.24,102565634,3308569,35.21,14.84,57.60,62.29,96.94,6910333,222914,0,0,1,0,1,0.03,3597800,116058,0.81,110924734,3578217,38.07,8059,8777674,283151,638,12.64
Apr 2023,Hadapsar,15,15,0,15,15,90000,83568,2786,185.71,6432,214,7.15,3545247,118175,15.00,42.42,69.41,75.66,100.00,236360,7879,0,0,0,0,0,0.00,132932,4431,0.63,3864319,128811,46.24,8587,329494,10983,732,11.73
Apr 2023,Pune Station,96,92,4,96,92,648000,598152,19938,216.72,49848,1662,7.69,25034384,834479,19.72,41.85,68.48,74.64,95.83,1269712,42324,0,0,1,0,1,0.17,881844,29395,0.68,27287479,909583,45.62,9887,1848256,61609,670,14.76
Apr 2023,Nigadi,70,65,5,70,65,465000,433617,14454,222.37,31383,1046,6.75,19324704,644157,18.67,44.57,72.92,79.48,92.86,1035225,34508,0,0,0,0,0,0.00,618303,20610,0.70,21063927,702131,48.58,10802,1476684,49223,757,14.26
Apr 2023,Bhekrai Nagar,100,93,7,100,93,669708,596213,19874,213.70,73495,2450,10.97,28300210,943340,18.95,47.47,77.66,84.60,93.00,1493442,49781,0,0,0,0,0,0.00,847578,28253,0.70,30829287,1027643,51.71,11050,2082424,69414,746,14.80
Apr 2023,Baner,72,69,3,72,69,432837,412654,13755,199.35,20183,673,4.66,16767560,558919,18.12,40.63,66.48,73.42,95.83,925310,30844,0,0,0,0,0,0.00,666349,22212,0.62,18517997,617267,44.88,8946,1332959,44432,644,13.89
Apr 2023,Wagholi,105,102,3,105,102,683526,630252,21008,205.96,53274,1776,7.79,31090686,1036356,21.37,49.33,80.71,87.65,97.14,1455088,48503,0,0,0,0,0,0.00,966364,32212,0.65,33764151,1125472,53.57,11034,2077696,69257,679,16.25
Apr 2023,System Total,458,436,22,458,436,2989071,2754455,91815,210.59,234616,7821,7.85,124062791,4135426,19.34,45.04,73.69,80.38,95.20,6415136,213838,0,0,1,0,1,0.04,4113369,137112,0.67,135327160,4510905,49.13,10346,9147514,304917,699,14.79
Aug 2023,Hadapsar,15,15,0,15,15,93000,90740,2927,195.14,2260,73,2.43,4265976,137612,15.85,47.01,77.20,84.25,100.00,269180,8683,0,0,0,0,0,0.00,141944,4579,0.64,4655461,150176,51.31,10012,387168,12489,833,12.02
Aug 2023,Pune Station,96,85,11,96,85,669600,562640,18150,213.53,106960,3450,15.97,28258688,911571,20.60,50.23,82.47,90.00,88.54,1371642,44247,0,0,0,0,0,0.00,757301,24429,0.74,30838716,994797,54.81,11703,1983298,63977,753,15.55
Aug 2023,Nigadi,70,62,8,70,62,480500,417931,13482,217.45,62569,2018,13.02,20866478,673112,17.15,49.93,81.98,89.47,88.57,1216743,39250,0,0,0,0,0,0.00,516819,16672,0.81,22771595,734568,54.49,11848,1760830,56801,916,12.93
Aug 2023,Bhekrai Nagar,112,98,14,112,98,765759,606752,19573,199.72,159006,5129,20.76,34880350,1125173,19.41,57.49,94.40,102.44,87.50,1797171,57973,0,0,0,0,0,0.00,858119,27681,0.71,37851603,1221019,62.38,12459,2513610,81084,827,15.06
Aug 2023,Baner,72,67,5,72,67,448350,412099,13294,198.41,36251,1169,8.09,19521820,629736,18.04,47.37,77.79,85.83,93.06,1082075,34906,0,0,0,0,0,0.00,643348,20753,0.64,21540040,694840,52.27,10371,1568716,50604,755,13.73
Aug 2023,Wagholi,93,79,14,93,79,638523,510751,16476,208.55,127771,4122,20.01,30341446,978756,22.69,59.41,97.55,105.58,84.95,1337159,43134,1,0,1,0,2,0.39,708184,22845,0.72,32841235,1059395,64.30,13410,1939917,62578,792,16.93
Aug 2023,System Total,458,406,52,458,406,3095731,2600914,83900,206.65,494817,15962,15.98,138134758,4455960,19.53,53.11,87.21,95.01,88.65,7073970,228193,1,0,1,0,2,0.08,3625715,116959,0.72,150498650,4854795,57.86,11958,10153539,327534,807,14.82
Dec 2023,Hadapsar,15,14,1,15,14,104625,96735,3120,222.89,7890,255,7.54,3772058,121679,8.39,38.99,64.15,69.56,93.33,449575,14502,0,0,0,0,0,0.00,108293,3493,0.89,4090391,131948,42.28,9425,653198,21071,1505,6.26
Dec 2023,Pune Station,98,96,2,98,96,682000,665907,21481,223.76,16093,519,2.36,30773167,992683,19.37,46.21,76.02,82.44,97.96,1588978,51257,0,0,0,0,0,0.00,827325,26688,0.80,33370188,1076458,50.11,11213,2291740,73927,770,14.56
Dec 2023,Nigadi,74,72,2,74,72,505300,484775,15638,217.19,20525,662,4.06,22510146,726134,16.81,46.43,76.39,82.83,97.30,1338923,43191,0,0,0,0,0,0.00,583679,18828,0.83,24409831,787414,50.35,10936,1968157,63489,882,12.40
Dec 2023,Bhekrai Nagar,117,110,7,117,110,775753,688888,22222,202.02,86866,2802,11.20,33838201,1091555,19.00,49.12,80.80,89.23,94.02,1781200,57458,0,0,0,0,0,0.00,1017577,32825,0.68,37364827,1205317,54.24,10957,2548090,82196,747,14.66
Dec 2023,Baner,74,72,2,74,72,464166,449108,14487,201.21,15058,486,3.24,18335601,591471,17.62,40.83,67.16,75.11,97.30,1040786,33574,0,0,0,0,0,0.00,646259,20847,0.69,20505931,661482,45.66,9187,1540753,49702,690,13.31
Dec 2023,Wagholi,95,93,2,95,93,635609,604299,19494,209.61,31310,1010,4.93,31058134,1001875,22.43,51.40,84.55,91.53,97.89,1384746,44669,0,0,0,0,0,0.00,782175,25231,0.77,33622899,1084610,55.64,11662,2057363,66367,714,16.34
Dec 2023,System Total,473,457,16,473,457,3167453,2989711,96442,211.03,177741,5734,5.61,140287307,4525397,18.50,46.92,77.19,84.39,96.62,7584209,244652,0,0,0,0,0,0.00,3965308,127913,0.75,153364067,4947228,51.30,10825,11059301,356752,781,13.87
Feb 2023,Hadapsar,15,15,0,15,15,84000,66052,2359,157.27,17948,641,21.37,2704584,96592,40.95,14.18,66.99,89.82,100.00,190751,6813,0,0,0,0,0,0.00,104953,3748,0.63,3625953,129498,54.90,8633,271067,9681,645,13.38
Feb 2023,Pune Station,93,91,2,93,91,520800,542946,19391,213.09,-22146,-791,-4.25,17427936,622426,32.10,15.68,52.52,71.01,97.85,1111392,39693,0,0,1,0,1,0.18,743715,26561,0.73,23563138,841541,43.40,9248,1640623,58594,644,14.36
Feb 2023,Nigadi,70,68,2,70,68,480500,402680,14381,211.49,77820,2779,16.20,15069809,538207,37.42,14.88,61.23,84.14,97.14,1012951,36177,0,0,0,0,0,0.00,524443,18730,0.77,20708221,739579,51.43,10876,1497925,53497,787,13.82
Feb 2023,Bhekrai Nagar,100,97,3,100,97,602318,584543,20877,215.22,17775,635,2.95,20838039,744216,35.65,14.18,58.33,85.13,97.00,1469093,52468,0,0,1,0,1,0.17,715104,25539,0.82,30414814,1086243,52.03,11198,1687988,60285,621,18.02
Feb 2023,Baner,70,69,1,70,69,391878,389989,13928,201.86,1889,67,0.48,12954960,462677,33.22,14.39,54.35,75.58,98.57,900544,32162,0,0,0,0,0,0.00,572105,20432,0.68,18014671,643381,46.19,9324,1034725,36954,536,17.41
Feb 2023,Wagholi,106,103,3,106,103,632318,606679,21667,210.36,25639,916,4.05,22137331,790619,36.49,16.05,59.70,85.88,97.17,1378959,49249,0,2,0,0,2,0.33,850655,30381,0.71,31842685,1137239,52.49,11041,1584424,56587,549,20.10
Feb 2023,System Total,454,443,11,454,443,2711814,2592890,92603,209.04,118925,4247,4.39,91132659,3254738,35.15,15.03,57.51,62.19,97.58,6063690,216560,0,2,2,0,4,0.15,3510974,125392,0.74,98559971,3519999,38.01,7946,7716753,275598,622,12.77
Jul 2023,Hadapsar,15,15,0,15,15,93000,91527,2952,196.83,1473,48,1.58,4124202,133039,16.12,45.06,73.99,79.97,100.00,255789,8251,0,0,0,0,0,0.00,144258,4653,0.63,4457291,143784,48.70,9586,358824,11575,772,12.42
Jul 2023,Pune Station,96,94,2,96,94,669600,615381,19851,211.18,54219,1749,8.10,28861052,931002,19.83,46.90,77.01,83.23,97.92,1455349,46947,0,0,0,0,0,0.00,846321,27301,0.73,31191999,1006194,50.69,10704,2096039,67614,719,14.88
Jul 2023,Nigadi,70,62,8,70,62,480500,413718,13346,215.25,66782,2154,13.90,19302243,622653,17.30,46.66,76.61,82.80,88.57,1115715,35991,0,0,0,0,0,0.00,555800,17929,0.74,20861178,672941,50.42,10854,1581033,51001,823,13.19
Jul 2023,Bhekrai Nagar,112,102,10,112,102,764190,641489,20693,202.87,122701,3958,16.06,34009170,1097070,19.20,53.02,87.05,93.69,91.07,1771400,57142,0,0,0,0,0,0.00,906206,29232,0.71,36601898,1180706,57.06,11576,2446163,78908,774,14.96
Jul 2023,Baner,72,69,3,72,69,445820,420649,13569,196.66,25171,812,5.65,18360995,592290,17.79,43.65,71.67,78.31,95.83,1032267,33299,0,0,0,1,1,0.24,661186,21329,0.64,20059992,647097,47.69,9378,1474435,47562,689,13.61
Jul 2023,Wagholi,93,91,2,93,91,638523,597568,19276,211.83,40954,1321,6.41,29819400,961916,22.19,49.90,81.94,88.57,97.85,1343807,43349,0,0,0,0,0,0.00,810594,26148,0.74,32232972,1039773,53.94,11426,1971944,63611,699,16.35
Jul 2023,System Total,458,433,25,458,433,3091633,2780332,89688,207.13,311301,10042,10.07,134477062,4337970,19.28,48.37,79.42,85.87,94.54,6974327,224978,0,0,0,1,1,0.04,3924365,126592,0.71,145405330,4690495,52.30,10833,9928438,320272,740,14.65
Jun 2023,Hadapsar,15,14,1,15,14,90000,82993,2766,197.60,7007,234,7.79,3742974,124766,16.06,45.10,74.05,79.01,93.33,233000,7767,0,0,0,0,0,0.00,140394,4680,0.59,3993665,133122,48.12,9509,316947,10565,755,12.60
Jun 2023,Pune Station,96,94,2,96,94,648000,580971,19366,206.02,67029,2234,10.34,26869800,895660,19.89,46.25,75.94,81.03,97.92,1350945,45031,0,1,0,0,1,0.17,873134,29104,0.67,28669445,955648,49.35,10166,1907515,63584,676,15.03
Jun 2023,Nigadi,70,63,7,70,63,480500,405888,13530,214.76,74612,2487,15.53,18689269,622976,17.62,46.05,75.61,80.67,90.00,1060414,35347,0,0,0,0,0,0.00,582739,19425,0.70,19941011,664700,49.13,10551,1476428,49214,781,13.51
Jun 2023,Bhekrai Nagar,112,101,11,112,101,747468,619164,20639,204.34,128304,4277,17.17,24263155,808772,14.53,39.19,64.35,90.30,90.18,1670144,55671,0,0,0,0,0,0.00,918741,30625,0.67,34051176,1135039,55.00,11238,2265126,75504,748,15.03
Jun 2023,Baner,72,69,3,72,69,444957,413342,13778,199.68,31615,1054,7.11,14216460,473882,14.59,34.39,56.48,75.43,95.83,974561,32485,0,1,0,0,1,0.24,680779,22693,0.61,18988589,632953,45.94,9173,1371759,45725,663,13.84
Jun 2023,Wagholi,93,91,2,93,91,614985,581248,19375,212.91,33737,1125,5.49,22005905,733530,17.08,37.86,62.17,86.12,97.85,1288448,42948,0,0,0,0,0,0.00,864192,28806,0.67,30486610,1016220,52.45,11167,1846994,61566,677,16.51
Jun 2023,System Total,458,432,26,458,432,3025910,2683606,89454,207.07,342304,11410,11.31,109787563,3659585,16.69,40.91,67.18,83.29,94.32,6577511,219250,0,2,0,0,2,0.07,4059978,135333,0.66,136130497,4537683,50.73,10504,9184769,306159,709,14.82
Mar 2023,Hadapsar,15,14,1,15,14,84000,76214,2459,175.61,7786,251,9.27,3267514,105404,14.61,42.87,70.15,94.63,93.33,223659,7215,0,0,0,0,0,0.00,117734,3798,0.65,4408242,142201,57.84,10157,316648,10214,730,13.92
Mar 2023,Pune Station,93,89,4,93,89,648675,595722,19217,215.92,52953,1708,8.16,19033794,613993,15.64,31.95,52.28,70.49,95.70,1217194,39264,0,0,0,0,0,0.00,819815,26446,0.73,25666194,827942,43.08,9303,1819867,58705,660,14.10
Mar 2023,Nigadi,70,63,7,70,63,480500,424008,13678,217.11,56492,1822,11.76,15039051,485131,15.03,35.47,58.03,78.99,90.00,1000570,32276,0,0,0,0,0,0.00,569269,18364,0.74,20471636,660375,48.28,10482,1447972,46709,741,14.14
Mar 2023,Bhekrai Nagar,100,93,7,100,93,692887,617886,19932,214.32,75001,2419,10.82,21259425,685788,14.13,34.41,56.29,82.02,93.00,1504275,48525,0,0,0,0,0,0.00,824899,26610,0.75,30974927,999191,50.13,10744,2144158,69166,744,14.45
Mar 2023,Baner,70,68,2,70,68,436675,409818,13220,194.41,26857,866,6.15,13347970,430580,14.32,32.57,53.29,73.91,97.14,932208,30071,0,0,0,0,0,0.00,612295,19751,0.67,18512776,597186,45.17,8782,1356616,43762,644,13.65
Mar 2023,Wagholi,106,101,5,106,101,700073,644068,20776,205.71,56005,1807,8.00,22957106,740552,16.17,35.64,58.32,83.64,95.28,1419425,45788,0,0,0,2,2,0.31,898548,28985,0.72,32924375,1062077,51.12,10516,2086422,67304,666,15.78
Mar 2023,System Total,454,428,26,454,428,3042811,2767717,89281,208.60,275093,8874,9.04,94904860,3061447 15.07,,34.29,56.10,78.60,94.27,6297331,203140,0,0,0,2,2,0.07,3842560,123954,0.72,132958149,4288973,48.04,10021,9171683,295861,691,14.50
May 2023,Hadapsar,15,15,0,15,15,93000,89648,2892,193.62,3352,108,3.60,3995530,128888,15.70,44.57,73.18,78.40,99.57,254529,8211,0,0,0,0,0,0.00,145261,4686,0.62,4280297,138074,47.75,9245,350547,11308,757,12.21
May 2023,Pune Station,96,93,3,96,93,669600,605678,19538,209.22,63922,2062,9.55,26681206,860684,20.08,44.05,72.33,77.49,97.28,1328528,42856,0,0,1,1,2,0.33,917797,29606,0.66,28582811,922026,47.19,9873,1901859,61350,657,15.03
May 2023,Nigadi,70,62,8,70,62,465000,423414,13659,221.51,41586,1341,8.94,17748941,572546,17.13,41.92,68.83,73.74,88.09,1036316,33430,0,0,0,0,0,0.00,577097,18616,0.73,19013931,613353,44.91,9947,1462149,47166,765,13.00
May 2023,Bhekrai Nagar,112,99,13,112,99,777201,645043,20808,210.18,132158,4263,17.00,25102305,809752,14.87,38.92,63.90,88.99,88.39,1687925,54449,0,0,1,0,1,0.16,957762,30896,0.67,34958727,1127701,54.20,11391,2309522,74501,753,15.14
May 2023,Baner,72,68,4,72,68,496026,418896,13513,198.72,77130,2488,15.55,13906580,448599,14.71,33.20,54.51,73.11,94.44,945685,30506,0,0,0,0,0,0.00,701815,22639,0.60,18649797,601606,44.52,8847,1349286,43525,640,13.82
May 2023,Wagholi,93,93,0,93,93,663478,617131,19907,214.06,46347,1495,6.99,23784155,767231,17.09,38.54,63.28,86.81,100.00,1391749,44895,1,0,0,0,1,0.16,958420,30917,0.64,32625746,1052443,52.87,11317,1986348,64076,689,16.42
May 2023,System Total,458,430,28,458,430,3164305,2799811,90316,210.05,364494,11758,11.52,111218717,3587701,16.74,39.72,65.23,81.00,93.88,6644731,214346,1,0,2,1,4,0.14,4258151,137360,0.66,138111308,4455203,49.33,10361,9359710,301926,702,14.76
Nov 2023,Hadapsar,15,15,0,15,15,101250,97340,3245,220.73,3910,130,3.86,3566378,118879,15.77,36.64,60.16,64.96,98.00,226146,7538,0,0,0,0,0,0.00,103960,3465,0.94,3851136,128371,39.56,8733,327148,10905,742,11.77
Nov 2023,Pune Station,98,97,1,98,97,660000,637800,21260,218.95,22200,740,3.36,28418229,947274,19.68,44.56,73.16,79.00,99.08,1443700,48123,0,0,0,0,0,0.00,822532,27418,0.78,30687287,1022910,48.11,10535,2104516,70151,722,14.58
Nov 2023,Nigadi,74,66,8,74,66,489000,421159,14039,211.64,67841,2261,13.87,18599980,619999,17.13,44.16,72.52,78.31,89.64,1085990,36200,0,0,0,0,0,0.00,488446,16282,0.86,20085099,669503,47.69,10093,1607222,53574,808,12.50
Nov 2023,Bhekrai Nagar,117,110,7,117,110,739809,657440,21915,199.22,82369,2746,11.13,30255928,1008531,19.09,46.02,75.57,82.01,94.02,1585113,52837,0,1,0,0,1,0.15,948737,31625,0.69,32833606,1094454,49.94,9950,2295517,76517,696,14.30
Nov 2023,Baner,74,70,4,74,70,447621,425222,14174,202.49,22399,747,5.00,15677935,522598,17.79,36.87,60.54,67.16,94.59,881345,29378,0,0,0,0,0,0.00,624074,20802,0.68,17392206,579740,40.90,8282,1340823,44694,638,12.97
Nov 2023,Wagholi,95,92,3,95,92,615105,573709,19124,207.87,41396,1380,6.73,28462813,948760,22.43,49.61,81.46,87.62,96.84,1269058,42302,0,1,0,0,1,0.17,773875,25796,0.74,30613563,1020452,53.36,11092,1888986,62966,684,16.21
Nov 2023,System Total,473,450,23,473,450,3052785,2812670,93756,208.28,240115,8004,7.87,124981263,4166042,19.25,44.44,72.96,79.08,95.17,6491351,216378,0,2,0,0,2,0.07,3761624,125387,0.75,135462897,4515430,48.16,10031,9564212,318807,708,14.16
Oct 2023,Hadapsar,15,13,2,15,13,93000,87736,2830,216.36,5264,170,5.66,3319794,107090,15.83,37.84,62.13,67.91,87.20,209677,6764,0,0,0,0,0,0.00,99919,3223,0.88,3628560,117050,41.36,8948,312058,10066,770,11.63
Oct 2023,Pune Station,98,95,3,98,95,682000,638046,20582,217.10,43954,1418,6.44,29025942,936321,19.39,45.49,74.70,81.65,96.74,1496970,48289,0,0,0,0,0,0.00,871917,28126,0.73,31725578,1023406,49.72,10795,2239336,72237,762,14.17
Oct 2023,Nigadi,74,64,10,74,64,505300,421354,13592,212.16,83946,2708,16.61,19364032,624646,17.08,45.96,75.46,82.48,86.57,1134028,36582,0,0,0,0,0,0.00,563941,18192,0.75,21165036,682743,50.23,10657,1706458,55047,859,12.40
Oct 2023,Bhekrai Nagar,117,100,17,117,100,771451,625590,20180,201.80,145861,4705,18.91,30379764,979992,17.83,48.56,79.74,91.72,85.47,1703428,54949,1,0,1,0,2,0.32,1185904,38255,0.53,34944008,1127226,55.86,11272,2457873,79286,793,14.22
Oct 2023,Baner,74,68,6,74,68,473872,423040,13646,200.68,50832,1640,10.73,18685623,602762,17.35,44.17,72.53,82.02,91.89,1076956,34741,0,0,0,0,0,0.00,670091,21616,0.63,21132169,681683,49.95,10025,1587131,51198,753,13.31
Oct 2023,Wagholi,95,90,5,95,90,634604,589255,19008,211.20,45349,1463,7.15,10129825,326769,7.58,17.19,28.23,89.24,94.74,1336433,43111,0,0,1,0,1,0.17,830864,26802,0.71,32023525,1033017,54.35,11478,2047058,66034,734,15.64
Oct 2023,System Total,473,430,43,473,430,3160227,2785020,89839,208.95,375206,12103,11.87,110904980,3577580,15.94,39.82,65.39,85.27,90.90,6957492,224435,1,0,2,0,3,0.11,4222636,136214,0.66,144618877,4665125,51.93,10850,10349913,333868,777,13.97
Sep 2023,Hadapsar,15,14,1,15,14,90000,80564,2685,191.82,9436,315,10.48,3577565,119252,15.29,44.41,72.92,79.68,93.33,233940,7798,0,0,0,0,0,0.00,112673,3756,0.72,3909556,130319,48.53,9308,341045,11368,812,11.46
Sep 2023,Pune Station,96,94,2,96,94,648000,605027,20168,214.55,42973,1432,6.63,28675841,955861,20.14,47.40,77.83,85.05,97.92,1423561,47452,0,0,0,0,0,0.00,815792,27193,0.74,31336902,1044563,51.79,11112,2109321,70311,748,14.86
Sep 2023,Nigadi,70,62,8,70,62,465000,389349,12978,209.33,75651,2522,16.27,18608729,620291,16.89,47.79,78.48,85.76,88.57,1102045,36735,0,0,0,0,0,0.00,511819,17061,0.76,20335582,677853,52.23,10933,1620070,54002,871,12.55
Sep 2023,Bhekrai Nagar,112,101,11,112,101,730959,606427,20214,200.14,124532,4151,17.04,31248175,1041606,18.62,51.53,84.61,95.23,90.18,1678025,55934,1,0,0,0,1,0.16,977645,32588,0.62,35168440,1172281,57.99,11607,2388797,79627,788,14.72
Sep 2023,Baner,72,70,2,72,70,435744,417719,13924,198.91,18025,601,4.14,18217437,607248,17.58,43.61,71.61,81.69,97.22,1036554,34552,0,0,0,0,0,0.00,647103,21570,0.65,20782350,692745,49.75,9896,1526810,50894,727,13.61
Sep 2023,Wagholi,93,89,4,93,89,609693,565194,18840,211.68,44499,1483,7.30,29734052,991135,22.59,52.61,86.38,94.67,95.70,1316096,43870,0,0,0,0,0,0.00,776315,25877,0.73,32586804,1086227,57.66,12205,1978540,65951,741,16.47
Sep 2023,System Total,458,430,28,458,430,2979396,2664281,88809,206.53,315115,10504,10.58,130061799,4335393,19.15,48.82,80.16,88.82,93.89,6790221,226341,1,0,0,0,1,0.04,3841347,128045,0.69,144119635,4803988,54.09,11172,9964584,332153,772,14.46
Apr 2024,Hadapsar,15,15,0,15,15,101250,94329,3144,215.36,6921,231,6.84,3640698,121357,16.77,38.60,67.59,72.06,97.33,217065,7235,0,0,0,0,0,0.00,127226,4241,0.74,3881666,129389,41.15,8862,312598,10420,714,12.42
Apr 2024,Pune Station,103,101,2,103,101,693750,652246,21742,216.19,41504,1383,5.98,28453770,948459,19.54,43.62,76.39,81.45,97.64,1455929,48531,0,0,0,0,0,0.00,989290,32976,0.66,30337052,1011235,46.51,10055,2084949,69498,691,14.55
Apr 2024,Nigadi,74,70,4,74,70,489000,455068,15169,215.31,33932,1131,6.94,20111940,670398,17.67,44.20,77.39,82.52,95.20,1138231,37941,0,0,0,0,0,0.00,623341,20778,0.73,21443097,714770,47.12,10146,1631687,54390,772,13.14
Apr 2024,Bhekrai Nagar,112,105,7,112,105,728265,650563,21685,205.58,77702,2590,10.67,30971632,1032388,18.97,47.61,83.37,90.00,94.18,1632323,54411,1,0,0,0,1,0.15,1087639,36255,0.60,33436389,1114546,51.40,10566,2290622,76354,724,14.60
Apr 2024,Baner,74,72,2,74,72,465291,448523,14951,208.91,16768,559,3.60,18234164,607805,17.64,40.65,71.19,76.79,96.71,1033687,34456,0,0,0,0,0,0.00,705890,23530,0.64,19669226,655641,43.85,9161,1487544,49585,693,13.22
Apr 2024,Wagholi,95,93,2,95,93,628659,600708,20024,215.81,27951,932,4.45,28557410,951914,22.35,47.54,83.25,88.52,97.67,1277763,42592,0,0,0,0,0,0.00,888816,29627,0.68,30365273,1012176,50.55,10909,1885614,62854,677,16.10
Apr 2024,System Total,473,455,18,473,455,3106215,2901436,96715,212.35,204779,6826,6.59,129969614,4332320,19.24,44.79,78.44,83.97,96.29,6754997,225167,1,0,0,0,1,0.03,4422202,147407,0.66,139132703,4637757,47.95,10183,9693013,323100,709,14.35
Aug 2024,Hadapsar,18,17,1,18,17,125550,110273,3557,209.25,15277,493,12.17,4412622,142343,15.08,40.02,70.07,78.64,94.44,292572,9438,0,0,0,0,0,0.00,163451,5273,0.67,4952405,159755,44.91,9397,436877,14093,829,11.34
Aug 2024,Pune Station,106,103,3,106,103,737800,662023,21356,207.34,75778,2444,10.27,30962389,998787,18.44,46.77,81.89,91.91,97.17,1679416,54175,0,0,0,0,0,0.00,978679,31570,0.68,34749924,1120965,52.49,10883,2527695,81539,792,13.75
Aug 2024,Nigadi,84,71,13,84,71,567300,456198,14716,207.27,111102,3584,19.58,21753413,701723,14.66,47.68,83.49,93.71,84.52,1483614,47859,0,0,0,0,0,0.00,618192,19942,0.74,24414442,787563,53.52,11092,2199066,70938,999,11.10
Aug 2024,Bhekrai Nagar,116,110,6,116,110,751496,660209,21297,193.61,91286,2945,12.15,33718626,1087698,18.79,51.07,89.43,101.66,94.83,1794581,57890,0,0,0,0,0,0.00,1149591,37084,0.57,38330681,1236474,58.06,11241,2624168,84651,770,14.61
Aug 2024,Baner,74,71,3,74,71,494661,453224,14620,205.92,41437,1337,8.38,18834829,607575,17.70,41.56,72.77,84.62,95.95,1064324,34333,0,0,0,0,0,0.00,674128,21746,0.67,21901907,706513,48.32,9951,1633617,52697,742,13.41
Aug 2024,Wagholi,92,91,1,92,91,620688,589800,19026,209.07,30888,996,4.98,30351897,979093,22.09,51.46,90.11,102.71,98.91,1373737,44314,0,0,0,0,0,0.00,835415,26949,0.71,34596769,1116025,58.66,12264,2114583,68212,750,16.36
Aug 2024,System Total,490,463,27,490,463,3297495,2931727,94572,204.26,365768,11799,11.09,140033776,4517219,18.21,47.76,83.64,94.93,94.49,7688244,248008,0,0,0,0,0,0.00,4419455,142563,0.66,158946128,5127294,54.22,11074,11536005,372129,804,13.78
Jul 2024,Hadapsar,15,14,1,15,14,104625,93411,3013,215.23,11215,362,10.72,3681827,118769,15.41,39.42,69.02,75.75,93.33,238870,7705,0,0,0,0,0,0.00,141098,4552,0.66,4040465,130338,43.25,9310,354668,11441,817,11.39
Jul 2024,Pune Station,106,104,2,106,104,737800,690027,22259,214.03,47773,1541,6.48,30895136,996617,18.72,44.77,78.41,86.04,98.11,1650709,53249,0,0,0,0,0,0.00,970852,31318,0.71,33904558,1093695,49.14,10516,2468963,79644,766,13.73
Jul 2024,Nigadi,74,67,7,74,67,505300,429912,13868,206.99,75388,2432,14.92,20280058,654195,15.61,47.17,82.61,90.65,90.54,1298942,41901,0,0,0,0,0,0.00,593185,19135,0.72,22255491,717919,51.77,10715,1897593,61213,914,11.73
Jul 2024,Bhekrai Nagar,112,106,6,112,106,766156,657946,21224,200.23,108209,3491,14.12,32065723,1034378,18.80,48.74,85.35,94.62,94.64,1705467,55015,0,0,0,0,0,0.00,1117167,36038,0.59,35550514,1146791,54.03,10819,2470669,79699,752,14.39
Jul 2024,Baner,74,71,3,74,71,492871,459702,14829,208.86,33168,1070,6.73,19177381,618625,17.85,41.72,73.05,81.25,95.95,1074553,34663,0,0,0,0,0,0.00,674128,21746,0.68,21328278,688009,46.40,9690,1608988,51903,731,13.26
Jul 2024,Wagholi,92,91,1,92,91,624036,598211,19297,212.06,25826,833,4.14,29433495,949468,22.24,49.20,86.16,94.66,98.91,1323517,42694,0,0,0,0,0,0.00,824336,26591,0.73,32336477,1043112,54.06,11463,2018978,65128,716,16.02
Jul 2024,System Total,473,453,20,473,453,3230787,2929209,94491,208.59,301579,9728,9.33,135533620,4372052,18.59,46.27,81.03,89.33,95.77,7292058,235228,0,0,0,0,0,0.00,4320767,139380,0.68,149415783,4819864,51.01,10640,10819860,349028,770,13.81
Jun 2024,Hadapsar,15,15,0,15,15,101250,95232,3174,211.63,6018,201,5.94,3725349,124178,15.83,39.12,68.50,73.16,100.00,235372,7846,0,0,0,0,0,0.00,140947,4698,0.68,3978779,132626,41.78,8842,335167,11172,745,11.87
Jun 2024,Pune Station,106,104,2,106,104,714000,655103,21837,209.97,58897,1963,8.25,29930017,997667,19.09,45.69,80.01,85.45,98.11,1568052,52268,0,0,0,0,0,0.00,976858,32562,0.67,31966113,1065537,48.80,10246,2259434,75314,724,14.15
Jun 2024,Nigadi,74,68,6,74,68,489000,434096,14470,212.79,54904,1830,11.23,20691370,689712,16.22,47.67,83.47,89.15,91.89,1275347,42512,0,1,0,0,1,0.23,624932,20831,0.69,22098974,736632,50.91,10833,1803131,60104,884,12.26
Jun 2024,Bhekrai Nagar,112,107,5,112,107,741441,657209,21907,204.74,84232,2808,11.36,33374737,1112491,19.13,50.78,88.93,96.07,95.54,1744705,58157,1,0,0,0,1,0.15,1135519,37851,0.58,36054219,1201807,54.86,11232,2424451,80815,755,14.87
Jun 2024,Baner,74,72,2,74,72,470441,446126,14871,206.54,24314,810,5.17,18669412,622314,17.91,41.85,73.28,79.38,97.30,1042567,34752,0,0,0,0,0,0.00,686611,22887,0.65,20223164,674105,45.33,9363,1503805,50127,696,13.45
Jun 2024,Wagholi,92,90,2,92,90,598374,575803,19193,213.26,22571,752,3.77,29686865,989562,22.56,51.56,90.29,96.18,97.83,1315977,43866,0,0,0,0,0,0.00,832570,27752,0.69,31626514,1054217,54.93,11714,1911284,63709,708,16.55
Jun 2024,System Total,473,456,17,473,456,3114506,2863570,95452,209.33,250935,8365,8.06,136077750,4535925,18.95,47.52,83.22,89.25,96.41,7182020,239401,1,1,0,0,2,0.07,4397436,146581,0.65,145947764,4864925,50.97,10669,10237272,341242,748,14.26
May 2024,Hadapsar,15,15,0,15,15,104625,97351,3140,209.36,7274,235,6.95,3952283,127493,17.21,40.60,71.09,77.31,100.00,229610,7407,0,0,0,0,0,0.00,136572,4406,0.71,4297782,138638,44.15,9243,325364,10496,700,13.21
May 2024,Pune Station,106,104,2,106,104,737800,699462,22563,216.95,38338,1237,5.20,30470237,982911,19.68,43.56,76.29,82.95,98.11,1548640,49956,0,0,0,0,0,0.00,1052157,33941,0.66,33133872,1068835,47.37,10277,2229131,71907,691,14.86
May 2024,Nigadi,74,72,2,74,72,505300,481083,15519,215.54,24217,781,4.79,21439529,691598,18.34,44.57,78.04,84.86,97.30,1169058,37712,0,0,0,0,0,0.00,653043,21066,0.74,23313721,752056,48.46,10445,1666132,53746,746,13.99
May 2024,Bhekrai Nagar,112,105,7,112,105,752541,675624,21794,207.56,76917,2481,10.22,32943594,1062697,19.55,48.76,85.39,93.27,93.75,1685449,54369,1,0,2,0,3,0.44,1146692,36990,0.59,35984513,1160791,53.26,11055,2336179,75361,718,15.40
May 2024,Baner,74,71,3,74,71,486122,460176,14844,209.08,25946,837,5.34,18397219,593459,17.96,39.98,70.01,77.52,95.95,1024368,33044,1,0,0,0,1,0.22,724136,23359,0.64,20371101,657132,44.27,9255,1467588,47342,667,13.88
May 2024,Wagholi,92,90,2,92,90,632626,609174,19651,218.34,23452,757,3.71,29562432,953627,22.36,48.53,84.98,93.57,97.83,1322264,42654,0,0,1,0,1,0.16,892482,28790,0.68,32548260,1049944,53.43,11666,1908993,61580,684,17.05
May 2024,System Total,473,457,16,473,457,3219014,3022869,97512,213.37,196144,6327,6.09,136765294,4411784,19.60,45.24,79.23,86.69,96.62,6979388,225142,2,0,3,0,5,0.17,4605081,148551,0.66,149649251,4827395,49.51,10563,9933387,320432,701,15.07
Oct 2024,Hadapsar,18,17,1,18,17,125550,114693,3700,217.63,10857,350,8.65,3857747,124443,15.02,33.64,58.89,63.62,94.44,256897,8287,0,0,0,0,0,0.00,167531,5404,0.68,4167232,134427,36.33,7907,388325,12527,737,10.73
Oct 2024,Pune Station,106,104,2,106,104,706025,659910,21287,204.69,46115,1488,6.53,25823583,833019,18.18,39.13,68.52,74.02,98.11,1420766,45831,0,0,0,0,0,0.00,988710,31894,0.67,27895264,899847,42.27,8652,2158999,69645,670,12.92
Oct 2024,Nigadi,84,76,8,84,76,567300,505892,16319,214.73,61408,1981,10.82,10004343,322721,8.21,19.78,34.63,37.40,90.48,1218506,39307,0,0,0,0,0,0.00,708557,22857,0.71,10806935,348611,21.36,4587,1808904,58352,768,5.97
Oct 2024,Bhekrai Nagar,116,111,5,116,111,751496,685297,22106,199.16,66199,2135,8.81,28762739,927830,17.42,41.97,73.49,88.03,95.69,1651418,53272,0,1,1,0,2,0.29,1176081,37938,0.58,34452474,1111370,50.27,10012,2538041,81872,738,13.57
Oct 2024,Baner,74,71,3,74,71,488095,456683,14732,207.49,31412,1013,6.44,15151214,488749,16.65,33.18,58.09,71.59,95.95,910139,29359,0,0,0,0,0,0.00,700801,22606,0.65,18672418,602336,40.89,8484,1412584,45567,642,13.22
Oct 2024,Wagholi,92,90,2,92,90,641871,606337,19559,217.33,35534,1146,5.54,26027449,839595,20.86,42.93,75.16,89.24,97.83,1247848,40253,0,0,0,0,0,0.00,850867,27447,0.71,30900755,996799,50.96,11076,2041410,65852,732,15.14
Oct 2024,System Total,490,469,21,490,469,3280336,3028812,97704,208.32,251524,8114,7.67,109627075,3536357,16.35,36.19,63.38,73.36,95.71,6705574,216309,0,1,1,0,2,0.07,4592548,148147,0.66,126895079,4093390,41.90,8728,10348263,333815,712,12.26
Sep 2024,Hadapsar,18,18,0,18,18,121500,113349,3778,209.91,8151,272,6.71,4045114,134837,14.59,35.69,62.49,68.26,100.00,277204,9240,0,0,0,0,0,0.00,162769,5426,0.70,4418642,147288,38.98,8183,430071,14336,796,10.27
Sep 2024,Pune Station,106,103,3,106,103,714000,647724,21591,209.62,66276,2209,9.28,28092018,936401,18.53,43.37,75.94,82.95,97.17,1516264,50542,0,0,0,0,0,0.00,942027,31401,0.69,30686051,1022868,47.38,9931,2377594,79253,769,12.91
Sep 2024,Nigadi,84,76,8,84,76,549000,486972,16232,213.58,62028,2068,11.30,20876630,695888,16.59,42.87,75.07,82.00,90.48,1258129,41938,1,0,0,0,1,0.21,667091,22236,0.73,22804390,760146,46.83,10002,1941774,64726,852,11.74
Sep 2024,Bhekrai Nagar,116,109,7,116,109,727254,651128,21704,199.12,76126,2538,10.47,30275824,1009194,17.98,46.50,81.42,95.58,93.97,1684327,56144,0,0,0,0,0,0.00,1112374,37079,0.59,35543240,1184775,54.59,10869,2550220,85007,780,13.94
Sep 2024,Baner,74,69,5,74,69,472350,430286,14343,207.87,42064,1402,8.91,15877090,529236,16.90,36.90,64.61,78.59,93.24,939197,31307,0,1,0,0,1,0.23,647708,21590,0.66,19313320,643777,44.88,9330,1511052,50368,730,12.78
Sep 2024,Wagholi,92,91,1,92,91,600666,577973,19266,211.71,22693,756,3.78,28159020,938634,21.31,48.72,85.31,100.09,98.91,1321591,44053,0,0,1,0,1,0.17,803043,26768,0.72,33038586,1101286,57.16,12102,2089723,69657,765,15.81
Sep 2024,System Total,490,466,24,490,466,3184770,2907433,96914,207.97,277337,9245,8.71,127325696,4244190,18.20,43.79,76.68,87.81,95.10,6996712,233224,1,1,1,0,3,0.10,4335013,144500,0.67,145804229,4860141,50.15,10429,10900433,363348,780,13.38
Apr 2025,Hadapsar,18,16,2,18,16,121500,110317,3677,229.83,11183,373,9.20,3780219,126007,17.50,34.27,60.00,63.77,88.89,216040,7201,,,,,0,0,148973,4966,0.74,4017612,133920,36.42,8370,337227,11241,703,11.91
Apr 2025,Pune Station,106,105,1,106,105,681510,639583,21319,203.04,41927,1398,6.15,22858928,761964,18.27,35.74,62.58,79.51,99.06,1250880,41696,1,,,,1,0.16,992996,33100,0.64,29041025,968034,45.41,9219,2002170,66739,636,14.50
Apr 2025,Nigadi,84,77,7,84,77,549000,495382,16513,214.45,53618,1787,9.77,16447063,548235,16.07,33.20,58.13,61.78,91.67,1023549,34118,,1,,,1,0.20,719999,24000,0.69,17479919,582664,35.29,7567,1572818,52427,681,11.11
Apr 2025,Bhekrai Nagar,116,108,8,116,108,746250,627156,20905,193.57,119094,3970,15.96,24373824,812461,17.42,38.86,68.05,72.32,93.10,1398928,46631,1,,,,1,0.16,1056314,35210,0.59,25904471,863482,41.30,7995,2252755,75092,695,11.50
Apr 2025,Baner,74,73,1,74,73,463328,454681,15156,207.62,8647,288,1.87,13390160,446339,16.34,29.45,51.57,67.56,98.65,819510,27317,,,,,0,0,726198,24207,0.63,17542301,584743,38.58,8010,1325340,44178,605,13.24
Apr 2025,Wagholi,92,90,2,92,90,605685,582284,19409,215.66,23402,780,3.86,23716531,790551,20.66,40.73,71.32,87.18,97.83,1147890,38263,,,,,0,0,871662,29055,0.67,28992408,966414,49.79,10738,1892010,63067,701,15.32
Apr 2025,System Total,490,469,21,490,469,3167273,2909403,96980,206.78,257869,8596,8.14,104566725,3485558,17.85,35.94,62.93,74.01,95.71,5856797,195227,2,1,0,0,3,0.10,4516142,150538,0.64,122977736,4099258,42.27,8740,9382319,312744,667,13.11
Dec 2025,Pune Station,91,90,1,91,90,625425,590627,19052,211.69,34798,1123,5.56,25419909,819997,27.21,43.04,51.63,72.53,98.90,934154,30134,,,,,0,0.00,735885,23738,0.80,35713317,1152042,60.47,12800,1658500,53500,594,21.53
Dec 2025,Nigadi,91,86,5,91,86,610700,520630,16795,195.29,90070,2905,14.75,19703370,635593,23.63,37.85,45.40,52.87,94.51,833939,26901,2,,,,2,0.38,660217,21297,0.79,22945367,740173,44.07,8607,1528785,49316,573,15.01
Dec 2025,Bhekrai Nagar,106,102,4,106,102,723075,585447,18885,185.15,137628,4440,19.03,27132559,875244,28.23,46.35,55.59,76.30,96.23,960969,30999,,,,,0,0.00,1020533,32920,0.57,37237348,1201205,63.60,11777,1777974,57354,562,20.94
Dec 2025,Baner,48,47,1,48,47,297600,275328,8882,188.97,22272,718,7.48,11005041,355001,24.20,39.97,47.95,68.39,97.92,454832,14672,,,,,0,0.00,376373,12141,0.73,15698077,506390,57.02,10774,838302,27042,575,18.73
Dec 2025,Wagholi,76,74,2,76,74,530100,497203,16039,216.74,32897,1061,6.21,23606745,761508,32.02,47.48,56.95,77.50,97.37,737180,23780,,,,,0,0.00,581989,18774,0.85,32122190,1036200,64.61,14003,1382414,44594,603,23.24
Dec 2025,Charholi,46,44,2,46,44,285200,276147,8908,202.45,9053,292,3.17,12276580,396019,30.09,44.46,53.33,73.91,95.65,408053,13163,,,,,0,0.00,348497,11242,0.79,17014724,548862,61.61,12474,791678,25538,580,21.49
Dec 2025,Maan,32,29,3,32,29,220903,219702,7087,244.39,1201,39,0.54,9083425,293014,32.09,41.34,49.60,70.23,90.63,283061,9131,,,,,0,0.00,283301,9139,0.78,12863329,414946,58.55,14308,511779,16509,569,25.13
Dec 2025,System Total,490,472,18,490,472,3293003,2965084,95648,202.64,327919,10578,9.96,128227629,4136375,27.80,43.25,51.88,70.23,96.33,4612188,148780,2,0,0,0,2,0.07,4006795,129251,0.74,173594352,5599818,58.55,11864,8489432,273853,580,20.45
Jun 2025,Pune Station,90,87,3,90,87,602250,513507,17117,196.75,88743,2958,14.74,25730320,857677,26.87,50.11,60.11,77.91,96.67,957690,31923,,,,,0,0.00,752596,25087,0.68,33351800,1111727,64.95,12778,1529850,50995,586,21.80
Jun 2025,Nigadi,86,75,11,86,75,561000,470441,15681,209.08,90559,3019,16.14,21779505,725984,25.61,46.30,55.54,60.08,87.21,850582,28353,,,,,0,0.00,671596,22387,0.70,23562549,785418,50.09,10472,1345459,44849,598,17.51
Jun 2025,Bhekrai Nagar,107,93,14,107,93,705750,522228,17408,187.18,183522,6117,26.00,27384234,912808,27.10,52.44,62.90,68.05,86.92,1010524,33684,,,,,0,0.00,916460,30549,0.57,29626125,987538,56.73,10619,1666079,55536,597,17.78
Jun 2025,Baner,57,54,3,57,54,342000,306728,10224,189.34,35272,1176,10.31,13488065,449602,24.92,43.97,52.75,57.07,94.74,541323,18044,,,,,0,0.00,484403,16147,0.63,14592305,486410,47.57,9008,888678,29623,549,16.42
Jun 2025,Wagholi,72,71,1,72,71,486000,469160,15639,220.26,16840,561,3.47,27088370,902946,32.68,57.74,69.26,84.43,98.61,828870,27629,,,,,0,0.00,641882,21396,0.73,33021536,1100718,70.38,15503,1358190,45273,638,24.31
Jun 2025,Charholi,46,39,7,46,39,276000,243060,8102,207.74,32940,1098,11.93,12486536,416218,30.03,51.37,61.62,77.78,84.78,415860,13862,1,,,,1,0.41,351688,11723,0.69,15759608,525320,64.84,13470,693870,23129,593,22.71
Jun 2025,Maan,32,27,5,32,27,192000,190765,6359,235.51,1235,41,0.64,9286175,309539,32.57,48.68,58.39,74.45,84.38,285120,9504,,,,,0,0.00,282090,9403,0.68,11840340,394678,62.07,14618,453720,15124,560,26.10
Jun 2025,System Total,490,446,44,490,446,3165000,2715888,90530,202.98,449112,14970,14.19,137243205,4574774,28.07,50.53,60.62,71.44,91.02,4889969,162999,1,0,0,0,1,0.04,4100715,136690,0.66,161754264,5391809,59.56,12089,7935846,264528,593,20.38
May 2025,Pune Station,90,87,3,90,87,622325,536178,17296,198.81,86147,2779,13.84,17830885,575190,18.29,33.26,58.23,73.15,96.67,974888,31448,,,,,0,0.00,788814,25446,0.68,22399127,722552,41.78,8305,1556572,50212,577,14.39
May 2025,Nigadi,82,75,7,82,75,554900,497789,16058,214.10,57111,1842,10.29,15879726,512249,16.23,31.90,55.86,58.86,91.46,978236,31556,,,,,0,0.00,713607,23020,0.70,16733051,539776,33.61,7197,1481629,47794,637,11.29
May 2025,Bhekrai Nagar,111,108,3,111,108,754075,689894,22255,206.06,64181,2070,8.51,23783528,767211,18.44,34.47,60.36,63.61,97.30,1289538,41598,,,,,0,0.00,1115021,35968,0.62,25061578,808438,36.33,7486,2071798,66832,619,12.10
May 2025,Baner,57,56,1,57,56,353400,331420,10691,190.91,21980,709,6.22,9221605,297471,15.92,27.82,48.72,51.34,98.25,579405,18690,,,,,0,0.00,516036,16646,0.64,9717144,313456,29.32,5597,944713,30475,544,10.29
May 2025,Wagholi,72,71,1,72,71,502200,485274,15654,220.48,16926,546,3.37,19781513,638113,21.84,40.76,71.38,85.65,98.61,905758,29218,,,,,0,0.00,685740,22121,0.71,23736602,765697,48.91,10784,1456504,46984,662,16.30
May 2025,Charholi,46,34,12,46,34,305195,209424,6756,198.69,95771,3089,31.38,6841832,220704,18.26,32.67,57.20,73.51,73.91,374635,12085,,,,,0,0.00,296127,9552,0.71,8791982,283612,41.98,8342,621333,20043,590,14.15
May 2025,Maan,32,27,5,32,27,240731,202369,6528,241.78,38362,1237,15.94,6049065,195131,20.07,29.89,52.34,67.34,84.38,301444,9724,,,,,0,0.00,299842,9672,0.67,7783008,251065,38.46,9299,471293,15203,563,16.51
May 2025,System Total,490,458,32,490,458,3332826,2952349,95237,207.94,380477,12273,11.42,99388154,3206069,18.39,33.66,58.95,67.74,93.47,5403904,174319,0,0,0,0,0,0.00,4415186,142425,0.67,114222493,3684597,38.69,8045,8603842,277543,606,13.28
Nov 2025,Pune Station,91,89,2,91,89,605250,563127,18771,210.91,42123,1404,6.96,25725764,857525,27.36,45.68,54.80,72.49,97.80,940320,31344,,,,,0,0.00,740704,24690,0.76,34029750,1134325,60.43,12745,1633770,54459,612,20.83
Nov 2025,Nigadi,91,84,7,91,84,591000,481913,16064,191.24,109087,3636,18.46,19051056,635035,23.66,39.53,47.42,52.53,92.31,805085,26836,,,,,0,0.00,667178,22239,0.72,21105069,703502,43.79,8375,1455834,48528,578,14.50
Nov 2025,Bhekrai Nagar,106,102,4,106,102,699750,559265,18642,182.77,140485,4683,20.08,26883148,896105,28.28,48.07,57.66,74.69,96.23,950670,31689,,,,,0,0.00,836845,27895,0.67,34820126,1160671,62.26,11379,1738320,57944,568,20.03
Nov 2025,Baner,48,47,1,48,47,288000,268582,8953,190.48,19418,647,6.74,11297635,376588,23.97,42.06,50.46,66.75,97.92,471420,15714,,,,,0,0.00,385369,12846,0.70,14944789,498160,55.64,10599,836010,27867,593,17.88
Nov 2025,Wagholi,76,74,2,76,74,513000,485887,16196,218.87,27113,904,5.29,23988751,799625,32.05,49.37,59.22,76.03,97.37,748410,24947,,1,,,1,0.21,577810,19260,0.84,30795630,1026521,63.38,13872,1377810,45927,621,22.35
Nov 2025,Charholi,46,43,3,46,43,276000,259897,8663,201.47,16103,537,5.83,10093697,336457,23.58,38.84,46.59,76.72,93.48,428130,14271,,,,,0,0.00,384648,12822,0.68,16621728,554058,63.95,12885,790680,26356,613,21.02
Nov 2025,Maan,32,29,3,32,29,213771,207279,6909,238.25,6492,216,3.04,9153146,305105,32.08,44.16,52.97,69.77,90.63,285300,9510,1,,,,1,0.48,276185,9206,0.75,12056636,401888,58.17,13858,505710,16857,581,23.84
Nov 2025,System Total,490,468,22,490,468,3186771,2825950,94198,201.28,360821,12027,11.32,126193196,4206440,27.26,44.66,53.57,69.77,95.51,4629335,154311,1,1,0,0,2,0.07,3868739,128958,0.73,164373728,5479124,58.17,11708,8338134,277938,594,19.71
Oct 2025,Pune Station,91,86,5,91,86,625425,557217,17975,209.01,68208,2200,10.91,24971749,805540,27.81,44.82,53.76,68.81,94.51,897791,28961,,,,,0,0.00,780586,25180,0.71,31964745,1031121,57.36,11990,1532020,49420,575,20.86
Oct 2025,Nigadi,91,82,9,91,82,610700,475087,15325,186.89,135613,4375,22.21,18434545,594663,23.16,38.80,46.55,51.08,90.11,796034,25679,,,,,0,0.00,687163,22167,0.69,20229495,652564,42.58,7958,1396908,45062,550,14.48
Oct 2025,Bhekrai Nagar,106,97,9,106,97,723075,558010,18000,185.57,165065,5325,22.83,26027025,839581,28.12,46.64,55.95,71.23,91.51,925536,29856,,,,,0,0.00,898781,28993,0.62,33133459,1068821,59.38,11019,1656578,53438,551,20.00
Oct 2025,Baner,48,46,2,48,46,297600,267848,8640,187.83,29752,960,10.00,10967061,353776,23.77,40.95,49.12,63.73,95.83,461404,14884,,,,,0,0.00,407767,13154,0.66,14230034,459033,53.13,9979,798033,25743,560,17.83
Oct 2025,Wagholi,76,72,4,76,72,530100,482405,15561,216.13,47695,1539,9.00,23744670,765957,32.21,49.22,59.04,73.96,94.74,737180,23780,,,,,0,0.00,620596,20019,0.78,29744810,959510,61.66,13327,1318492,42532,591,22.56
Oct 2025,Charholi,46,42,4,46,42,285200,263083,8487,202.06,22118,713,7.76,11780655,380021,29.35,44.78,53.72,68.65,91.30,401357,12947,,,,,0,0.00,370946,11966,0.71,15056076,485680,57.23,11564,727756,23476,559,20.69
Oct 2025,Maan,32,28,4,32,28,216885,207298,6687,238.82,9587,309,4.42,8907840,287350,32.61,42.97,51.55,66.37,87.50,273141,8811,,,,,0,0.00,288897,9319,0.72,11468946,369966,55.33,13213,473370,15270,545,24.23
Oct 2025,System Total,490,453,37,490,453,3288985,2810948,90676,200.17,478037,15421,14.53,124833545,4026889,27.79,44.41,53.27,66.50,92.45,4492443,144918,0,0,0,0,0,0.00,4054737,130798,0.69,155827565,5026696,55.44,11096,7903157,254941,563,19.72
